sentence_id	sentence	locale	reason
0729e30b9df90e69d6df3ef37c05275a12e0c758cfc2945296a5d2719af0a0d3	Otarli się o siebie milczą co policzkami i Emil poczuł bardzo lekki zapach perfum.	pl	grammar-or-spelling
07d606f552a88c841d3638928c6164f8ebf4da18e012f0de4e17b732c820786d	Meduzy nie bieskie i różowe kołysały się jak kwiaty o grubych i miękkich koronach.	pl	grammar-or-spelling
03e482212422d9d02c9bd48cede4c5499b2483ff20f18f51b2e5969c2e2e7c39	— Kto to jest Bernard? — Bernard to jest nakrapiany pies, który zdechł zeszłe go roku.	pl	grammar-or-spelling
0e99b8593365ba0a2cf0f736a1bf3dff14d7715c9ee9f574cce1b4612a3f6bac	W oczach naszych sosna skonała…	pl	grammar-or-spelling
102c26daf0a088ef9b69e73e94644b64cbae1f8e22990f77a8ea751a53547fb7	Dowód ten był odwróceniem jednego z dowodów istnienia Boga św.	pl	grammar-or-spelling
0b9735defec6ba2f1d30207bf2105846259bd40ca2cb2e0dbf63daa4347be82e	Mam uczucie, że tam byłaś w tym ogrodzie.	pl	grammar-or-spelling
0ee9da4761ae600f2ad4dba5752966237a5a5d09cd1e1a3787ac60b65dbf75b6	Jakaś młoda matka wżerała się w policzki swego rocz nego dziecka.	pl	grammar-or-spelling
1025729bb4537a591d2478642d9b4cc1cdac86919939bd9634a3aadaee01dbdf	Ponury, pełen nie spodziewanych blasków.	pl	grammar-or-spelling
1de283b1767b81de2d9000899f97e2a53ab892fa66a837cf47245a31c42de007	On znał każdy labiryncik jej psychiki i rów nocześnie odkrywał coraz nowe.	pl	Przerwane slowo
0d027d71f1325bd3364603caa7cc499667b82357b8952f300b2d05b1e701436e	Z teczkami pod pachą, rozmawiali o przeczytanych książ kach.	pl	grammar-or-spelling
0ee9da4761ae600f2ad4dba5752966237a5a5d09cd1e1a3787ac60b65dbf75b6	Jakaś młoda matka wżerała się w policzki swego rocz nego dziecka.	pl	grammar-or-spelling
1defb1fcc7406e65cf316b389558e56b076b9a40f398e75e9707808951796a83	Są, zdaje się, w jednym wie ku.	pl	different-language
24c05eb82bf0d2364abe7898a93ac90e849f342a638f29dbd65bff0b4480bdd3	Rousseau wzywał: powróćmy do natury!	pl	different-language
20d543a13166e12e8c8e85f8938d4c0df0e80eae73c20f1ea7e65d9a88e8ed10	Raz przyniósł fotografie porn.	pl	different-language
274bbe15c975636851f62e37ba7dcac0a86e197c62d33178706e92158abd57c0	Ale będzie wiedzieć i myślę, że osiągnie to.	pl	grammar-or-spelling
2521d70f8f216b928fdc280bebde7b894a723fbd14831cb54a2ba47b530d06dd	Chodzę po całym mieście i wypożyczam do niej płyty.	pl	grammar-or-spelling
12b610baacadcdcdf6440687bf19f805d5888c8da249f604c423efc347d96433	Żeby kózka nie skakała, to by nóżki nie złamał	pl	grammar-or-spelling
10cf53f3c15a579e44dbc8ccf929ededc459680eed7bce7891526eafaf35c0c4	Jano krzyknął: — Marysiu! Otwarła oczy, zanurzone w śnie.	pl	grammar-or-spelling
230b48897a2b05e5c7719b2e20ed9e3b81136b6d66a83b04e243051327b175f4	Wysiedliśmy i przekroczywszy bramę opactwa oo. Franciszkanów, weszliśmy w krużganek.	pl	grammar-or-spelling
2c73c44d7a51f918aa64cf0c1f622d17a2dbec5a6c0981ab6589dac144f3600d	Słyszałam, że jest brzyki i niegrzeczny	pl	grammar-or-spelling
6dcccd2ea3ac00d4b015c6125ba855fcc97f00203968406d30f9751f205f6892	Pomyś lał o Klarze: z lekka obskurna, o wydatnych piersiach.	pl	grammar-or-spelling
6c64a6539522a1d491b4dc58aa9b4673d4b236955d2b744ebb8e4b94e97e3989	— Ano, siadaj, bratku, za mną.	pl	grammar-or-spelling
70a9d7c51b631ec76fade733b4b307db2d77108d1f6ac4333630b3c70fddb26e	Pożegnali się i Emil wrócił nad rzekę i wrócił do Sokra tesa.	pl	grammar-or-spelling
89d8d46ea4265b070aa4d0d79c9387ae303757f74b6fbf943c367c04d54d3897	Odmy w prawym płucu doc.	pl	Zdanie nie ma sensu
82a1e53b43d5ad43c9c10109cc33948c18966c3744a0f1dfebcfc1e1b4dfcd0b	Wczoraj czytała po raz pierwszy Rimbauda „Statek pijany” i Verlai- ne’a „Pieśń jesienną”.	pl	difficult-pronounce
773a160b04f9352b8cb39ab3d2f82cac0b5ead5882e104983464e1437fd64da4	Czekanie przyprawiało go zawsze o lekki bół brzucha i potrzebę oddania moczu.	pl	grammar-or-spelling
773a160b04f9352b8cb39ab3d2f82cac0b5ead5882e104983464e1437fd64da4	Czekanie przyprawiało go zawsze o lekki bół brzucha i potrzebę oddania moczu.	pl	grammar-or-spelling
773a160b04f9352b8cb39ab3d2f82cac0b5ead5882e104983464e1437fd64da4	Czekanie przyprawiało go zawsze o lekki bół brzucha i potrzebę oddania moczu.	pl	Zamiast "ból" jest "bó?".
412f218839bc5f2dd859768cce8fafe4428fbb2be5f0ac41fbdf6f7903cb53a4	Zamiast odpowiedzi Andrzej przybliżył mi do oczu kukłę.	pl	Po "odpowiedzi" powinien by? przecinek.
a485c18e0eabf34d92e4a60fe1ea2447eb58c0e14f346433bb8f93efdb2afd13	Matka ciągłe jadła tyłek.	pl	grammar-or-spelling
d937ccfdff5e88ede86e02e59d431a07aa2254d8b12be632ad8c5a52e3109eaf	— Niech żyje rajfurstwo, pośrednictwo do nierządu itd.	pl	Nie wiadomo czy "itd." powinno zosta? przeczytane tak jak jest zapisane, czy powinno zosta? rozwini?te jako "i tak dalej".
0ce41ca5162278be11ff580f2e2f5b3a2534b73e6092846c891fb2228314c356	Podeszli do niej i poczuli obaj ostry za pach, jaki wydziela podniecona kobieta.	pl	grammar-or-spelling
ff5ef696b705ee2cc1db2793ae6166c237acf33636715fe13e2870dfeb35f046	Zaczyna żyć, jak ciotka-tancerka, tylko lukiem o wiele wyższym i in nym.	pl	grammar-or-spelling
ff5ef696b705ee2cc1db2793ae6166c237acf33636715fe13e2870dfeb35f046	Zaczyna żyć, jak ciotka-tancerka, tylko lukiem o wiele wyższym i in nym.	pl	Tekst zawiera nadmiarow? spacj? w ?rodku s?owa "innym"
03e482212422d9d02c9bd48cede4c5499b2483ff20f18f51b2e5969c2e2e7c39	— Kto to jest Bernard? — Bernard to jest nakrapiany pies, który zdechł zeszłe go roku.	pl	grammar-or-spelling
0729e30b9df90e69d6df3ef37c05275a12e0c758cfc2945296a5d2719af0a0d3	Otarli się o siebie milczą co policzkami i Emil poczuł bardzo lekki zapach perfum.	pl	Nadmiarowa spacja w ?rodku s?owa "milcz?co"
0c20ba63519633581a0f9a4daf3c3c9e8917c5b8deeefa85d55daa751e3812d3	Emilowi z trud nością przyszło wypowiadanie pewnych słów w obecności dyrektora i wychowawcy klasy.	pl	grammar-or-spelling
1defb1fcc7406e65cf316b389558e56b076b9a40f398e75e9707808951796a83	Są, zdaje się, w jednym wie ku.	pl	grammar-or-spelling
1defb1fcc7406e65cf316b389558e56b076b9a40f398e75e9707808951796a83	Są, zdaje się, w jednym wie ku.	pl	Nadmiarowa spacja w s?owie "wieku"
3a9c8795459cc91d4e4779aec03e9a8b1a8d18cc96e7af2d2bb27fbdb5c1324c	— Gdybym był dziewczyną, tobym na pewno był kurwą — pomyślał, ale zaraz wstał.	pl	offensive-language
8e484e2a672873e1b9de4517ab081345928c864a7921f5f45e7f387927486d14	Za drzwiami matka krzyczaia.	pl	grammar-or-spelling
7b7bf650a6e8bc6247198d23843321c5313bce733287079e753e0915a8c002c5	Już nie mogę się tak mę czyć.	pl	grammar-or-spelling
ae3b4b4acadf305ec3641b7b14eead0cabe8c43ba96513ab5262e9e6bacf1d34	— Ta wyspa jest za blisko lądu, gdzie mieszkają Murzyni.	pl	offensive-language
cd611c490af9d3e39a10dae5c83ae43eb52e7decbf49e608afbf55e347cdbe40	Wór niespokojnie wzdrygnął się na trawie.	pl	grammar-or-spelling
c67097d1353a3e588a8bc9df3d89dd2f7d84a74bb88e18ddf22606e766cd1717	Tym się różni genialność życia od genial- ności twórczości.	pl	grammar-or-spelling
e3fa686cf6035e0f16f377b2a2d329fb10ec15f11a355078c91c7ec0eee20baa	Opowiadał szeroko o jej piersiach w swoich wykładach na Universite Perverse.	pl	grammar-or-spelling
e3fa686cf6035e0f16f377b2a2d329fb10ec15f11a355078c91c7ec0eee20baa	Opowiadał szeroko o jej piersiach w swoich wykładach na Universite Perverse.	pl	different-language
e47e2adf1a7105c81ec0c7964ba38d4a7ab1dd2865f71eef7c1e208b51edadb4	Ja myślę — potra fisz.	pl	"potra fisz" powinno by? jednym slowem "potrafisz"
079ee702cf4921a098f7e639ed750fab878e433ab980db7c159e22590e7553f6	Jej to też zatyka od dech, że nie można żyć wielu żywotami naraz.	pl	grammar-or-spelling
e8365377ad07698095631f233d27e1054cd9f9f3558c98e3db419f850f268d58	I z jej życia zaczy nało rozwijać się dzieło sztuki.	pl	grammar-or-spelling
1de283b1767b81de2d9000899f97e2a53ab892fa66a837cf47245a31c42de007	On znał każdy labiryncik jej psychiki i rów nocześnie odkrywał coraz nowe.	pl	grammar-or-spelling
1daad2da509e423781fd9d575bc4dfa8a4076fbe4e9f7d7a4e2e6fad347f91d1	Pośliznąłeś się, więc wolniej, ostrożniej.	pl	grammar-or-spelling
73956bc3529c36975c1a8bc2ab9cd1abd765e1bf1c438ff57b9f0adc001281a7	Jedno i drugie z niesłychaną intensy wnością.	pl	grammar-or-spelling
73956bc3529c36975c1a8bc2ab9cd1abd765e1bf1c438ff57b9f0adc001281a7	Jedno i drugie z niesłychaną intensy wnością.	pl	grammar-or-spelling
b76f039bf9316c96b674042e093c3f0c4f632131c8c424765cb11849fe513a9a	Są stłoczone i nie mają tla.	pl	grammar-or-spelling
c71520bee0ff3b1c93c831b527247de5cde1dc76f5aaf273b3c54715f6cc6a11	Nim ją zabiorą, to Ewa ma za swoje jaki miesiąc.	pl	grammar-or-spelling
10d4885b3472afdd563ca39c4af5146d0513a9193e160bff60478af78be0625b	Onanizowałam się na próbę.	pl	offensive-language
696b4403eb3fcbb726fcd698736b005335f93a55f89f3a83a02203f9bd33543f	Tylko paru obrazki narysowało i położyliśmy na stoliku.	pl	grammar-or-spelling
73956bc3529c36975c1a8bc2ab9cd1abd765e1bf1c438ff57b9f0adc001281a7	Jedno i drugie z niesłychaną intensy wnością.	pl	grammar-or-spelling
8e011588899af05c49857b53b783295b15f209f9751e8ed721b567d1fbcdac79	Była to pieśń Schuberta „Gratchen an Spinnrade”.	pl	different-language
913068c9f3d03c84cf7315856c3fe48360859696acff80078608f8c6e0dbe38e	Krys tyna powiedziała: Wejdź.	pl	grammar-or-spelling
9b95cf7b9c79163d4bc44e762210ecedc8e546d8617e6f406806cee9eb4aa356	Los czyli nie przychodzi ku nam mimo naszej woli?	pl	grammar-or-spelling
967bd5d073ffe37aa3eadc6042a558bb3e0e9f3ebcbf43de2e6addea7d730b04	To nieważne, czyja będę o tym wiedziała, czy nie.	pl	grammar-or-spelling
0c20ba63519633581a0f9a4daf3c3c9e8917c5b8deeefa85d55daa751e3812d3	Emilowi z trud nością przyszło wypowiadanie pewnych słów w obecności dyrektora i wychowawcy klasy.	pl	grammar-or-spelling
54c55298044a7486a2e85459144c40ee3a55dd7c710ece956e42536d3a056b93	Nieważne, na ja kim.	pl	grammar-or-spelling
54c55298044a7486a2e85459144c40ee3a55dd7c710ece956e42536d3a056b93	Nieważne, na ja kim.	pl	grammar-or-spelling
6199acdaf2661a953bd8885337bdd105d945ff6669b5d3da34b54d856f52dd4b	Całkowita prawda została mu przezna czona.	pl	grammar-or-spelling
5ac5e8cc5d0eee2a203e15ee066d5b1c3db7549ec72b364dd495dd696ac4cc77	On przychodzi do mnie jak do kurwy.	pl	offensive-language
61633374c35dd0a4aa85cc88d0bbd6c681518df4e08d95ac2b1da693f307a29b	- A czy ktoś jeszcze wiem o tym?	pl	grammar-or-spelling
5c9e48a97b3ae4597237f663527e3cdbd7c5ba4c0e959c27ab36b4bc3b14d104	Dżonki chińskie.	pl	difficult-pronounce
61633374c35dd0a4aa85cc88d0bbd6c681518df4e08d95ac2b1da693f307a29b	- A czy ktoś jeszcze wiem o tym?	pl	grammar-or-spelling
79c021a16dfd3add44644386b80099edefc9ff8ff29efb046c390776d6635a07	Zycie przechodzi nam ponad głowami.	pl	grammar-or-spelling
79c021a16dfd3add44644386b80099edefc9ff8ff29efb046c390776d6635a07	Zycie przechodzi nam ponad głowami.	pl	Napisane jest "zycie" zamiast "?ycie".
8e484e2a672873e1b9de4517ab081345928c864a7921f5f45e7f387927486d14	Za drzwiami matka krzyczaia.	pl	grammar-or-spelling
7f98339badfd2f80e81754ea2f590fac4ecfd661f5e4b0b801cdc24bb8c342b3	Jest miasto kręcące się, beikocące.	pl	grammar-or-spelling
7f98339badfd2f80e81754ea2f590fac4ecfd661f5e4b0b801cdc24bb8c342b3	Jest miasto kręcące się, beikocące.	pl	Zamiast "beikoc?ce" powinno by? "be?koc?ce"
8e484e2a672873e1b9de4517ab081345928c864a7921f5f45e7f387927486d14	Za drzwiami matka krzyczaia.	pl	Zamiast "krzycza?a" jest "krzyczaia".
8e011588899af05c49857b53b783295b15f209f9751e8ed721b567d1fbcdac79	Była to pieśń Schuberta „Gratchen an Spinnrade”.	pl	Powinno by?: Gretchen am Spinnrade
89d8d46ea4265b070aa4d0d79c9387ae303757f74b6fbf943c367c04d54d3897	Odmy w prawym płucu doc.	pl	doc? :)
db902f56efc300f720e2af91df60a8ee3471785d549ea7d7c6c773bd07498683	Niewątpliwie jest to zbiorowy kompleks mniejszej war tości.	pl	grammar-or-spelling
cd59418e0d1cff3a5a384bc97d3bcd1a21d37944baf4d30ddb4e4c38f29d742a	Była szczytem kobiecości, jej szczytem i zarazem otchła nią.	pl	grammar-or-spelling
a0851a3e144352563d70383450807a57c060cb86712b1221b9c4f9e2f2eb59a9	Pogląd na istoty żywe: witalizm z pewnymi zastrze żeniami.	pl	grammar-or-spelling
d70d0bebe19feaf3677d3fdd14f8726f56de3d92d7088902e0a8218de4709148	Rozumiesz mię, jeden z drugim?	pl	grammar-or-spelling
e8365377ad07698095631f233d27e1054cd9f9f3558c98e3db419f850f268d58	I z jej życia zaczy nało rozwijać się dzieło sztuki.	pl	grammar-or-spelling
07d606f552a88c841d3638928c6164f8ebf4da18e012f0de4e17b732c820786d	Meduzy nie bieskie i różowe kołysały się jak kwiaty o grubych i miękkich koronach.	pl	grammar-or-spelling
ef2fdbd11c71fcec40b662242c2f5be2432de26cb85aaac52b12b700cf839685	Zamiast tego wrzasnęłam	pl	grammar-or-spelling
0729e30b9df90e69d6df3ef37c05275a12e0c758cfc2945296a5d2719af0a0d3	Otarli się o siebie milczą co policzkami i Emil poczuł bardzo lekki zapach perfum.	pl	grammar-or-spelling
3aa9172567ea5c00cdcbc7d6966a370802525d9a8ecd1e4a46753c3d84104106	Kelner przyniósł lody i trzy grube, okrągłe wafle, we tknięte w usta lodów.	pl	grammar-or-spelling
49fc2e6bba4c3b5ddf827d081637b79834789795ab1ca1ab8ef2fd2740f52c1e	Nie po trafię.	pl	grammar-or-spelling
6199acdaf2661a953bd8885337bdd105d945ff6669b5d3da34b54d856f52dd4b	Całkowita prawda została mu przezna czona.	pl	grammar-or-spelling
619e6c486e1f87b562a9e2d2c2ad0192f2263debaa528acd1525a9d8f3f781f7	Korytarze są puste, kroki rezonują, jakby szło dziesięciu łudzi.	pl	grammar-or-spelling
45f90f0e3eea89d3179d3218e0d1fa0ac8e645d6b8ee37c60fc1aacf79eae3f4	Czekam, aż obrazy podniosą się przede mną, jak przed zaklinaczem wężę.	pl	grammar-or-spelling
61633374c35dd0a4aa85cc88d0bbd6c681518df4e08d95ac2b1da693f307a29b	- A czy ktoś jeszcze wiem o tym?	pl	grammar-or-spelling
54c55298044a7486a2e85459144c40ee3a55dd7c710ece956e42536d3a056b93	Nieważne, na ja kim.	pl	grammar-or-spelling
3ac95192d926a5c1690487c97200a4cc4ae8bfcb05d7fb432e6cae49a0ab517a	— No, teraz jesteś dostatecznie zła, więc możemy roz mawiać.	pl	grammar-or-spelling
7f98339badfd2f80e81754ea2f590fac4ecfd661f5e4b0b801cdc24bb8c342b3	Jest miasto kręcące się, beikocące.	pl	grammar-or-spelling
7b7bf650a6e8bc6247198d23843321c5313bce733287079e753e0915a8c002c5	Już nie mogę się tak mę czyć.	pl	grammar-or-spelling
49fc2e6bba4c3b5ddf827d081637b79834789795ab1ca1ab8ef2fd2740f52c1e	Nie po trafię.	pl	grammar-or-spelling
5fe8fc1a4a266fbb8ff29a3002efa6bf520f51937d792d927a6c569f22516523	Uszczelniliśmy je gałęziami, umocowawszy kamieniami i przysypawszy grubą warstwą śniegu.	pl	grammar-or-spelling
85fa981dd9b8f2bc49d3c76cb37edcf641a9876f2d638d6e20ad9d09234fea5b	I wy daje się, że już nigdy nie można się będzie stamtąd wydobyć.	pl	grammar-or-spelling
8f8d2d8d16ce5fd851f63cfb836bce6df2c293e9352f9eab613fe252b24dc090	Dla dwu ludzi znalazło się jeszcze miejsce.	pl	grammar-or-spelling
9b8e95ea635836596b11f9cc8812c650cf7c1b7d79052e881b3339a344ce1e44	Dałam się pomacać trochę fotografowi z przeciwka i zdjęcia już są.	pl	offensive-language
7e84e9030dbec1155880190a3b817696a7c448f102e31149cdf96de9227b3f52	Nie znają, nieszczęśni, tamtego…	pl	grammar-or-spelling
ccf3daed361fc60263776b0aea184ae02e944df02ee7f556bdb23bac9c60745e	Rzec można, iż zanieistnieli w sobie.	pl	difficult-pronounce
f679566a3614e2d890352cee11a8b650d6b325b507423f923b7ddb1e2630a9d5	Odtrącam rękami natrętny pstrokaty łeb, bronię ciała mego od jej dotknięcia.	pl	grammar-or-spelling
f679566a3614e2d890352cee11a8b650d6b325b507423f923b7ddb1e2630a9d5	Odtrącam rękami natrętny pstrokaty łeb, bronię ciała mego od jej dotknięcia.	pl	Jest prostokatny zamiast prostok?tny.
4f662e96ed067155785e4c2657b0f036a948d12280b2130817891de2c1d936dd	Gdy miała lat dziesięć i pół, zaonanizowała na śmierć psa.	pl	offensive-language
69eaab2be8d95eb03738bfa6dc405982d54a1e3c034496f66a7f67fd7ae7c6be	Chce czegoś bardzo, tylko narazie nie wie czego.	pl	grammar-or-spelling
49fc2e6bba4c3b5ddf827d081637b79834789795ab1ca1ab8ef2fd2740f52c1e	Nie po trafię.	pl	grammar-or-spelling
6b8e6e83a8bc80b2f45a84b528805338cc0bbf5a91fe907ab42289562191eddf	I co powie dyrektorowi? Ze chciałby kogoś zapisać do szkoły.	pl	grammar-or-spelling
6b8e6e83a8bc80b2f45a84b528805338cc0bbf5a91fe907ab42289562191eddf	I co powie dyrektorowi? Ze chciałby kogoś zapisać do szkoły.	pl	grammar-or-spelling
49fc2e6bba4c3b5ddf827d081637b79834789795ab1ca1ab8ef2fd2740f52c1e	Nie po trafię.	pl	grammar-or-spelling
7b7bf650a6e8bc6247198d23843321c5313bce733287079e753e0915a8c002c5	Już nie mogę się tak mę czyć.	pl	grammar-or-spelling
7f98339badfd2f80e81754ea2f590fac4ecfd661f5e4b0b801cdc24bb8c342b3	Jest miasto kręcące się, beikocące.	pl	grammar-or-spelling
70a9d7c51b631ec76fade733b4b307db2d77108d1f6ac4333630b3c70fddb26e	Pożegnali się i Emil wrócił nad rzekę i wrócił do Sokra tesa.	pl	grammar-or-spelling
85fa981dd9b8f2bc49d3c76cb37edcf641a9876f2d638d6e20ad9d09234fea5b	I wy daje się, że już nigdy nie można się będzie stamtąd wydobyć.	pl	grammar-or-spelling
7f98339badfd2f80e81754ea2f590fac4ecfd661f5e4b0b801cdc24bb8c342b3	Jest miasto kręcące się, beikocące.	pl	grammar-or-spelling
7b7bf650a6e8bc6247198d23843321c5313bce733287079e753e0915a8c002c5	Już nie mogę się tak mę czyć.	pl	grammar-or-spelling
70a9d7c51b631ec76fade733b4b307db2d77108d1f6ac4333630b3c70fddb26e	Pożegnali się i Emil wrócił nad rzekę i wrócił do Sokra tesa.	pl	grammar-or-spelling
88d5f834dc6a1f5d5d355416c7951011d2a41b202d603ec458815912d01597c1	Zaczęła się bardzo dobrze uczyć, i to uczyć całymi wie czorami.	pl	grammar-or-spelling
88d5f834dc6a1f5d5d355416c7951011d2a41b202d603ec458815912d01597c1	Zaczęła się bardzo dobrze uczyć, i to uczyć całymi wie czorami.	pl	grammar-or-spelling
913068c9f3d03c84cf7315856c3fe48360859696acff80078608f8c6e0dbe38e	Krys tyna powiedziała: Wejdź.	pl	grammar-or-spelling
88d5f834dc6a1f5d5d355416c7951011d2a41b202d603ec458815912d01597c1	Zaczęła się bardzo dobrze uczyć, i to uczyć całymi wie czorami.	pl	grammar-or-spelling
94f649d94c2ed40331945769143cdab5b89699dd09ebb3e64519696d6a2c5d69	Po wybuchu śmiechu zaci nało się coś w niej: zegar, który przestał nagle chodzić.	pl	grammar-or-spelling
9b202ecec2905c6a5101fd32e980a1f30a7bca43358ec5433e9a15be75742e24	— Uważaj pan na przeciąg — powtórzył uparcie — można czasem kark skręcić.	pl	Problem techniczny z nagrywaniem, ?le dyzia?aj?ca ikonka
a448b87c101ce54026363723073349631baaf9d9c0642fdca71d553cb1512dff	Szczegóły oczywista nie wchodzą w zakres naszych rozważań.	pl	grammar-or-spelling
737b578af4cb7e32f43de1f771767bd47de5d1d7b99c99f8fe087d4579adf5f4	Na świecie trwało jeszcze ciemne rano.	pl	grammar-or-spelling
1defb1fcc7406e65cf316b389558e56b076b9a40f398e75e9707808951796a83	Są, zdaje się, w jednym wie ku.	pl	grammar-or-spelling
97c06d29fa5e067c30ed83bdaaf0acfe9e1e3fde8cd43c337a96148d2864ea23	Pola, która to usłyszała: — Idę też.	pl	grammar-or-spelling
8e484e2a672873e1b9de4517ab081345928c864a7921f5f45e7f387927486d14	Za drzwiami matka krzyczaia.	pl	grammar-or-spelling
9c52a7e9ca150bea5d574eebb0d8b74db3c0030f572e678c7965e9af65b01d35	Jest wy kończony, dopasowany i martwy.	pl	grammar-or-spelling
bcb8f75a9e6c63f28f4962c05ad98a68186dc24a42f565e64371cdf709e6c798	Słyszę i nic nie rozu miem.	pl	grammar-or-spelling
bcb8f75a9e6c63f28f4962c05ad98a68186dc24a42f565e64371cdf709e6c798	Słyszę i nic nie rozu miem.	pl	Literówka: "rozu miem" => "rozumiem"
8e011588899af05c49857b53b783295b15f209f9751e8ed721b567d1fbcdac79	Była to pieśń Schuberta „Gratchen an Spinnrade”.	pl	different-language
93176ec9e2852ca4d6f4d8f367caf2ae7a79041acff2db6f0b8d857f71818e3b	— Czy znacie tekst pieśni Schuberta „Der Todt und das Madchen”? Jest dziwnie dwuznaczna.	pl	different-language
b409957cea2e46e57d62e5f42d7427e31178f006a32ad53fbe53a7aa087543da	Ale słuchali o sobie plotek z praw dziwą przyjemnością.	pl	grammar-or-spelling
b409957cea2e46e57d62e5f42d7427e31178f006a32ad53fbe53a7aa087543da	Ale słuchali o sobie plotek z praw dziwą przyjemnością.	pl	"praw dziw?" => "prawdziw?"
8e484e2a672873e1b9de4517ab081345928c864a7921f5f45e7f387927486d14	Za drzwiami matka krzyczaia.	pl	grammar-or-spelling
8e484e2a672873e1b9de4517ab081345928c864a7921f5f45e7f387927486d14	Za drzwiami matka krzyczaia.	pl	"krzyczaia" => "krzysza?a"
bcb8f75a9e6c63f28f4962c05ad98a68186dc24a42f565e64371cdf709e6c798	Słyszę i nic nie rozu miem.	pl	grammar-or-spelling
bcb8f75a9e6c63f28f4962c05ad98a68186dc24a42f565e64371cdf709e6c798	Słyszę i nic nie rozu miem.	pl	"rozu miem" => "rozumiem"
8e484e2a672873e1b9de4517ab081345928c864a7921f5f45e7f387927486d14	Za drzwiami matka krzyczaia.	pl	grammar-or-spelling
8e484e2a672873e1b9de4517ab081345928c864a7921f5f45e7f387927486d14	Za drzwiami matka krzyczaia.	pl	grammar-or-spelling
bcb8f75a9e6c63f28f4962c05ad98a68186dc24a42f565e64371cdf709e6c798	Słyszę i nic nie rozu miem.	pl	grammar-or-spelling
b409957cea2e46e57d62e5f42d7427e31178f006a32ad53fbe53a7aa087543da	Ale słuchali o sobie plotek z praw dziwą przyjemnością.	pl	grammar-or-spelling
03e482212422d9d02c9bd48cede4c5499b2483ff20f18f51b2e5969c2e2e7c39	— Kto to jest Bernard? — Bernard to jest nakrapiany pies, który zdechł zeszłe go roku.	pl	grammar-or-spelling
9b83c535eeb71a5f40e9e187e72ae626001b531c19c80e35b31f412094b69364	Ze jesteś taki, jak ja chcę.	pl	grammar-or-spelling
9b83c535eeb71a5f40e9e187e72ae626001b531c19c80e35b31f412094b69364	Ze jesteś taki, jak ja chcę.	pl	grammar-or-spelling
1de283b1767b81de2d9000899f97e2a53ab892fa66a837cf47245a31c42de007	On znał każdy labiryncik jej psychiki i rów nocześnie odkrywał coraz nowe.	pl	grammar-or-spelling
1a3cf851ad5a3a2b051e8c10dfe1c002db5dd81f0e35fb9c9ca9173dfa2010a1	Na czterech fortepianach, w czterech krańcach pensjona tu, ćwiczyli uczniowie Finsena.	pl	grammar-or-spelling
36010c7638359b5f3f72527e9339b0265f67feb17de0b27b80e535c49e0dd98d	Należałoby przecież odróżnić uczucia, które są wrażeniami czysto or ganicznymi, od nastrojów.	pl	grammar-or-spelling
73956bc3529c36975c1a8bc2ab9cd1abd765e1bf1c438ff57b9f0adc001281a7	Jedno i drugie z niesłychaną intensy wnością.	pl	grammar-or-spelling
4e26fa942953af5d7306cc100178c025b9b11b11ca05f0d064fd10c932d0a7b4	Bo pewnych rzeczy nie należy nazy wać.	pl	grammar-or-spelling
4f662e96ed067155785e4c2657b0f036a948d12280b2130817891de2c1d936dd	Gdy miała lat dziesięć i pół, zaonanizowała na śmierć psa.	pl	offensive-language
b409957cea2e46e57d62e5f42d7427e31178f006a32ad53fbe53a7aa087543da	Ale słuchali o sobie plotek z praw dziwą przyjemnością.	pl	grammar-or-spelling
980d017faa5886a30f3f4b32619e0e3e37393889b8eb75d034258319ded38786	— Spij, smarkaczu! Zobaczył, że zasypia.	pl	grammar-or-spelling
b409957cea2e46e57d62e5f42d7427e31178f006a32ad53fbe53a7aa087543da	Ale słuchali o sobie plotek z praw dziwą przyjemnością.	pl	grammar-or-spelling
cd59418e0d1cff3a5a384bc97d3bcd1a21d37944baf4d30ddb4e4c38f29d742a	Była szczytem kobiecości, jej szczytem i zarazem otchła nią.	pl	grammar-or-spelling
cd8cdd309b6d53c273e3475edced8293eee5788199831fb9f713c4ba67e5f8ca	Jest mi przykro, gdy się wygłu piasz.	pl	grammar-or-spelling
d4c3e787b71a7d58156c5eb0d4343e8be7ffc9803f1bb260528fb7637dc96847	Śnieg byl czysty, nietknięty.	pl	grammar-or-spelling
db902f56efc300f720e2af91df60a8ee3471785d549ea7d7c6c773bd07498683	Niewątpliwie jest to zbiorowy kompleks mniejszej war tości.	pl	"wart osci" poprawnie "warto?ci". correct is 'warto?ci' instead "wart osci"
c993157587d92984e5882a7308ce026274dfa99a43e6b626b89135e18726033c	Abraham zrodził Izaaka, Izaak zrodził Jakuba, to jest po dobne.	pl	grammar-or-spelling
c993157587d92984e5882a7308ce026274dfa99a43e6b626b89135e18726033c	Abraham zrodził Izaaka, Izaak zrodził Jakuba, to jest po dobne.	pl	po dobne => podobne
f7e78a39422cb050e862f4df8524583d3990a490ad0f848e15a780a56f048cfb	Never more.	pl	different-language
0c20ba63519633581a0f9a4daf3c3c9e8917c5b8deeefa85d55daa751e3812d3	Emilowi z trud nością przyszło wypowiadanie pewnych słów w obecności dyrektora i wychowawcy klasy.	pl	grammar-or-spelling
0729e30b9df90e69d6df3ef37c05275a12e0c758cfc2945296a5d2719af0a0d3	Otarli się o siebie milczą co policzkami i Emil poczuł bardzo lekki zapach perfum.	pl	grammar-or-spelling
0c20ba63519633581a0f9a4daf3c3c9e8917c5b8deeefa85d55daa751e3812d3	Emilowi z trud nością przyszło wypowiadanie pewnych słów w obecności dyrektora i wychowawcy klasy.	pl	grammar-or-spelling
17f59498a92fa4b60967ffa92d1f36b64bbcfb010d3725c8507818b4b329bc2d	Emil wykładał spokojnie teorię absurdo- logii, jak zwykle — zbyt serio.	pl	grammar-or-spelling
0ce41ca5162278be11ff580f2e2f5b3a2534b73e6092846c891fb2228314c356	Podeszli do niej i poczuli obaj ostry za pach, jaki wydziela podniecona kobieta.	pl	grammar-or-spelling
1de283b1767b81de2d9000899f97e2a53ab892fa66a837cf47245a31c42de007	On znał każdy labiryncik jej psychiki i rów nocześnie odkrywał coraz nowe.	pl	grammar-or-spelling
cce26c997d00cdb0d2e6ad84512987ab2b858c2a5926ee47f59a47f6384bbf5f	Nie mamy czasu cze kać na wyniki laboratoryjnej socjologii czy ekonomii.	pl	grammar-or-spelling
4f662e96ed067155785e4c2657b0f036a948d12280b2130817891de2c1d936dd	Gdy miała lat dziesięć i pół, zaonanizowała na śmierć psa.	pl	offensive-language
db902f56efc300f720e2af91df60a8ee3471785d549ea7d7c6c773bd07498683	Niewątpliwie jest to zbiorowy kompleks mniejszej war tości.	pl	grammar-or-spelling
552b0828b61a7765323659864c7646c7540d3b6070e2c7d51c6c1fce11e05a33	On nie robił z tego tajem nicy.	pl	grammar-or-spelling
1defb1fcc7406e65cf316b389558e56b076b9a40f398e75e9707808951796a83	Są, zdaje się, w jednym wie ku.	pl	grammar-or-spelling
552b0828b61a7765323659864c7646c7540d3b6070e2c7d51c6c1fce11e05a33	On nie robił z tego tajem nicy.	pl	grammar-or-spelling
0ce41ca5162278be11ff580f2e2f5b3a2534b73e6092846c891fb2228314c356	Podeszli do niej i poczuli obaj ostry za pach, jaki wydziela podniecona kobieta.	pl	grammar-or-spelling
6dcccd2ea3ac00d4b015c6125ba855fcc97f00203968406d30f9751f205f6892	Pomyś lał o Klarze: z lekka obskurna, o wydatnych piersiach.	pl	grammar-or-spelling
68dd3882ddc73464a58f795402b6f470fb7ef413ba5353a72f5ff91e01659834	Byl zgorszony.	pl	grammar-or-spelling
4f662e96ed067155785e4c2657b0f036a948d12280b2130817891de2c1d936dd	Gdy miała lat dziesięć i pół, zaonanizowała na śmierć psa.	pl	offensive-language
6dcccd2ea3ac00d4b015c6125ba855fcc97f00203968406d30f9751f205f6892	Pomyś lał o Klarze: z lekka obskurna, o wydatnych piersiach.	pl	grammar-or-spelling
6b8e6e83a8bc80b2f45a84b528805338cc0bbf5a91fe907ab42289562191eddf	I co powie dyrektorowi? Ze chciałby kogoś zapisać do szkoły.	pl	grammar-or-spelling
db902f56efc300f720e2af91df60a8ee3471785d549ea7d7c6c773bd07498683	Niewątpliwie jest to zbiorowy kompleks mniejszej war tości.	pl	grammar-or-spelling
68dd3882ddc73464a58f795402b6f470fb7ef413ba5353a72f5ff91e01659834	Byl zgorszony.	pl	grammar-or-spelling
85fa981dd9b8f2bc49d3c76cb37edcf641a9876f2d638d6e20ad9d09234fea5b	I wy daje się, że już nigdy nie można się będzie stamtąd wydobyć.	pl	grammar-or-spelling
79c021a16dfd3add44644386b80099edefc9ff8ff29efb046c390776d6635a07	Zycie przechodzi nam ponad głowami.	pl	grammar-or-spelling
7f98339badfd2f80e81754ea2f590fac4ecfd661f5e4b0b801cdc24bb8c342b3	Jest miasto kręcące się, beikocące.	pl	grammar-or-spelling
73956bc3529c36975c1a8bc2ab9cd1abd765e1bf1c438ff57b9f0adc001281a7	Jedno i drugie z niesłychaną intensy wnością.	pl	grammar-or-spelling
6199acdaf2661a953bd8885337bdd105d945ff6669b5d3da34b54d856f52dd4b	Całkowita prawda została mu przezna czona.	pl	grammar-or-spelling
4f662e96ed067155785e4c2657b0f036a948d12280b2130817891de2c1d936dd	Gdy miała lat dziesięć i pół, zaonanizowała na śmierć psa.	pl	grammar-or-spelling
6199acdaf2661a953bd8885337bdd105d945ff6669b5d3da34b54d856f52dd4b	Całkowita prawda została mu przezna czona.	pl	grammar-or-spelling
68dd3882ddc73464a58f795402b6f470fb7ef413ba5353a72f5ff91e01659834	Byl zgorszony.	pl	grammar-or-spelling
85ab5e63223a5014bab504e4e4d814d72076d936dfb3cb4b01b4f9989bb1d6b9	On wszedł w nią całkiem i ona odczuwała go, jak psy chiczny płód.	pl	grammar-or-spelling
8e484e2a672873e1b9de4517ab081345928c864a7921f5f45e7f387927486d14	Za drzwiami matka krzyczaia.	pl	grammar-or-spelling
8e484e2a672873e1b9de4517ab081345928c864a7921f5f45e7f387927486d14	Za drzwiami matka krzyczaia.	pl	krzyczaia => krzycza?a
85ab5e63223a5014bab504e4e4d814d72076d936dfb3cb4b01b4f9989bb1d6b9	On wszedł w nią całkiem i ona odczuwała go, jak psy chiczny płód.	pl	offensive-language
82a1e53b43d5ad43c9c10109cc33948c18966c3744a0f1dfebcfc1e1b4dfcd0b	Wczoraj czytała po raz pierwszy Rimbauda „Statek pijany” i Verlai- ne’a „Pieśń jesienną”.	pl	grammar-or-spelling
6199acdaf2661a953bd8885337bdd105d945ff6669b5d3da34b54d856f52dd4b	Całkowita prawda została mu przezna czona.	pl	grammar-or-spelling
9b83c535eeb71a5f40e9e187e72ae626001b531c19c80e35b31f412094b69364	Ze jesteś taki, jak ja chcę.	pl	grammar-or-spelling
82a1e53b43d5ad43c9c10109cc33948c18966c3744a0f1dfebcfc1e1b4dfcd0b	Wczoraj czytała po raz pierwszy Rimbauda „Statek pijany” i Verlai- ne’a „Pieśń jesienną”.	pl	grammar-or-spelling
a559cc6877f637b469d3d7376918e82a148939decafabcd8a7c0b67df25d84dc	Toccata C-dur poszła niespodzie wanie łatwo; całuję codziennie adagio na dobranoc.	pl	grammar-or-spelling
9b83c535eeb71a5f40e9e187e72ae626001b531c19c80e35b31f412094b69364	Ze jesteś taki, jak ja chcę.	pl	grammar-or-spelling
9b8e95ea635836596b11f9cc8812c650cf7c1b7d79052e881b3339a344ce1e44	Dałam się pomacać trochę fotografowi z przeciwka i zdjęcia już są.	pl	offensive-language
89d8d46ea4265b070aa4d0d79c9387ae303757f74b6fbf943c367c04d54d3897	Odmy w prawym płucu doc.	pl	grammar-or-spelling
07d606f552a88c841d3638928c6164f8ebf4da18e012f0de4e17b732c820786d	Meduzy nie bieskie i różowe kołysały się jak kwiaty o grubych i miękkich koronach.	pl	grammar-or-spelling
07d606f552a88c841d3638928c6164f8ebf4da18e012f0de4e17b732c820786d	Meduzy nie bieskie i różowe kołysały się jak kwiaty o grubych i miękkich koronach.	pl	grammar-or-spelling
079ee702cf4921a098f7e639ed750fab878e433ab980db7c159e22590e7553f6	Jej to też zatyka od dech, że nie można żyć wielu żywotami naraz.	pl	grammar-or-spelling
1de283b1767b81de2d9000899f97e2a53ab892fa66a837cf47245a31c42de007	On znał każdy labiryncik jej psychiki i rów nocześnie odkrywał coraz nowe.	pl	grammar-or-spelling
9b83c535eeb71a5f40e9e187e72ae626001b531c19c80e35b31f412094b69364	Ze jesteś taki, jak ja chcę.	pl	grammar-or-spelling
07d606f552a88c841d3638928c6164f8ebf4da18e012f0de4e17b732c820786d	Meduzy nie bieskie i różowe kołysały się jak kwiaty o grubych i miękkich koronach.	pl	grammar-or-spelling
db902f56efc300f720e2af91df60a8ee3471785d549ea7d7c6c773bd07498683	Niewątpliwie jest to zbiorowy kompleks mniejszej war tości.	pl	grammar-or-spelling
3c82dea68d08fb87a4fa90ca3a3b71aacea8b5bb63c4c81056c0ff8093c98e68	Czasem Paweł wykładał o nie istniejących stworzeniach, fąflach, których istotą jest — udowadniał — nicość.	pl	grammar-or-spelling
54c55298044a7486a2e85459144c40ee3a55dd7c710ece956e42536d3a056b93	Nieważne, na ja kim.	pl	grammar-or-spelling
79c021a16dfd3add44644386b80099edefc9ff8ff29efb046c390776d6635a07	Zycie przechodzi nam ponad głowami.	pl	grammar-or-spelling
5ac5e8cc5d0eee2a203e15ee066d5b1c3db7549ec72b364dd495dd696ac4cc77	On przychodzi do mnie jak do kurwy.	pl	offensive-language
8e484e2a672873e1b9de4517ab081345928c864a7921f5f45e7f387927486d14	Za drzwiami matka krzyczaia.	pl	grammar-or-spelling
928c54d675a6f3c37b2167c7cef5c7a886f45ec6d3404a4e980724a9f8f45fcb	Oczywiście, że będą się spotykać, ale nie tak, jak do tychczas.	pl	grammar-or-spelling
94f649d94c2ed40331945769143cdab5b89699dd09ebb3e64519696d6a2c5d69	Po wybuchu śmiechu zaci nało się coś w niej: zegar, który przestał nagle chodzić.	pl	grammar-or-spelling
85ab5e63223a5014bab504e4e4d814d72076d936dfb3cb4b01b4f9989bb1d6b9	On wszedł w nią całkiem i ona odczuwała go, jak psy chiczny płód.	pl	offensive-language
85ab5e63223a5014bab504e4e4d814d72076d936dfb3cb4b01b4f9989bb1d6b9	On wszedł w nią całkiem i ona odczuwała go, jak psy chiczny płód.	pl	grammar-or-spelling
5ac5e8cc5d0eee2a203e15ee066d5b1c3db7549ec72b364dd495dd696ac4cc77	On przychodzi do mnie jak do kurwy.	pl	offensive-language
8e484e2a672873e1b9de4517ab081345928c864a7921f5f45e7f387927486d14	Za drzwiami matka krzyczaia.	pl	grammar-or-spelling
85ab5e63223a5014bab504e4e4d814d72076d936dfb3cb4b01b4f9989bb1d6b9	On wszedł w nią całkiem i ona odczuwała go, jak psy chiczny płód.	pl	offensive-language
82a1e53b43d5ad43c9c10109cc33948c18966c3744a0f1dfebcfc1e1b4dfcd0b	Wczoraj czytała po raz pierwszy Rimbauda „Statek pijany” i Verlai- ne’a „Pieśń jesienną”.	pl	difficult-pronounce
82a1e53b43d5ad43c9c10109cc33948c18966c3744a0f1dfebcfc1e1b4dfcd0b	Wczoraj czytała po raz pierwszy Rimbauda „Statek pijany” i Verlai- ne’a „Pieśń jesienną”.	pl	grammar-or-spelling
85fa981dd9b8f2bc49d3c76cb37edcf641a9876f2d638d6e20ad9d09234fea5b	I wy daje się, że już nigdy nie można się będzie stamtąd wydobyć.	pl	grammar-or-spelling
93176ec9e2852ca4d6f4d8f367caf2ae7a79041acff2db6f0b8d857f71818e3b	— Czy znacie tekst pieśni Schuberta „Der Todt und das Madchen”? Jest dziwnie dwuznaczna.	pl	different-language
7f98339badfd2f80e81754ea2f590fac4ecfd661f5e4b0b801cdc24bb8c342b3	Jest miasto kręcące się, beikocące.	pl	grammar-or-spelling
94f649d94c2ed40331945769143cdab5b89699dd09ebb3e64519696d6a2c5d69	Po wybuchu śmiechu zaci nało się coś w niej: zegar, który przestał nagle chodzić.	pl	grammar-or-spelling
967bd5d073ffe37aa3eadc6042a558bb3e0e9f3ebcbf43de2e6addea7d730b04	To nieważne, czyja będę o tym wiedziała, czy nie.	pl	grammar-or-spelling
85ab5e63223a5014bab504e4e4d814d72076d936dfb3cb4b01b4f9989bb1d6b9	On wszedł w nią całkiem i ona odczuwała go, jak psy chiczny płód.	pl	grammar-or-spelling
79c021a16dfd3add44644386b80099edefc9ff8ff29efb046c390776d6635a07	Zycie przechodzi nam ponad głowami.	pl	grammar-or-spelling
7f98339badfd2f80e81754ea2f590fac4ecfd661f5e4b0b801cdc24bb8c342b3	Jest miasto kręcące się, beikocące.	pl	grammar-or-spelling
c99bbf2b75800de142175ea264962cfe057ad44192ed1d5b79c448b11a144ad7	A potem tyłek całowała i jadła.	pl	offensive-language
a67145f5b22532dba85ea4cd7e7e09bb4b788605ac47b21a9e5934e919ddc5b0	Manna po niemiecku, a Manna tak swobodnie, jak Emil po polsku S.	pl	zdanie nie ma sensu
8c59e6e15de191ef3633019f4690983bf3abb728ea61f60827e2fd6f5c5ec7b7	Poza saniami biegło trzydziestu ludzi otulonych w filtra.	pl	grammar-or-spelling
cce26c997d00cdb0d2e6ad84512987ab2b858c2a5926ee47f59a47f6384bbf5f	Nie mamy czasu cze kać na wyniki laboratoryjnej socjologii czy ekonomii.	pl	grammar-or-spelling
cd59418e0d1cff3a5a384bc97d3bcd1a21d37944baf4d30ddb4e4c38f29d742a	Była szczytem kobiecości, jej szczytem i zarazem otchła nią.	pl	grammar-or-spelling
d1f07a96dc2b4555512fe98d2556c8a9ce4b3468c3f5c0ddf5c9d4086a90b932	Szczęście, że byl park, przez który ona musiała przejść.	pl	grammar-or-spelling
b76f039bf9316c96b674042e093c3f0c4f632131c8c424765cb11849fe513a9a	Są stłoczone i nie mają tla.	pl	grammar-or-spelling
7f98339badfd2f80e81754ea2f590fac4ecfd661f5e4b0b801cdc24bb8c342b3	Jest miasto kręcące się, beikocące.	pl	grammar-or-spelling
7f98339badfd2f80e81754ea2f590fac4ecfd661f5e4b0b801cdc24bb8c342b3	Jest miasto kręcące się, beikocące.	pl	grammar-or-spelling
dfaeed9c10aae44ad893c04784ddad56c6b3d3973e5371f7da46868586690b6b	Stanął pod drzewem, przed oczami miał oświet lony prostokąt: brama.	pl	grammar-or-spelling
94f649d94c2ed40331945769143cdab5b89699dd09ebb3e64519696d6a2c5d69	Po wybuchu śmiechu zaci nało się coś w niej: zegar, który przestał nagle chodzić.	pl	grammar-or-spelling
7f98339badfd2f80e81754ea2f590fac4ecfd661f5e4b0b801cdc24bb8c342b3	Jest miasto kręcące się, beikocące.	pl	grammar-or-spelling
85fa981dd9b8f2bc49d3c76cb37edcf641a9876f2d638d6e20ad9d09234fea5b	I wy daje się, że już nigdy nie można się będzie stamtąd wydobyć.	pl	grammar-or-spelling
d08f6d380dff136812a360186d60bc812e90be8a02692dced6abbefd87d42d1d	Różne rodzaje ciemności, poprze- rzynane błyskawicami.	pl	grammar-or-spelling
c51a4eab36799c2166d98d5c035e92ba67da699d9e389fdb59b83faaa88cc16e	Cynamonki w Kofikadzie to prawdziwy hit, zapraszam na nie wszystkich znajomych.	pl	difficult-pronounce
dfaeed9c10aae44ad893c04784ddad56c6b3d3973e5371f7da46868586690b6b	Stanął pod drzewem, przed oczami miał oświet lony prostokąt: brama.	pl	grammar-or-spelling
79c021a16dfd3add44644386b80099edefc9ff8ff29efb046c390776d6635a07	Zycie przechodzi nam ponad głowami.	pl	grammar-or-spelling
79c021a16dfd3add44644386b80099edefc9ff8ff29efb046c390776d6635a07	Zycie przechodzi nam ponad głowami.	pl	grammar-or-spelling
e8365377ad07698095631f233d27e1054cd9f9f3558c98e3db419f850f268d58	I z jej życia zaczy nało rozwijać się dzieło sztuki.	pl	grammar-or-spelling
0729e30b9df90e69d6df3ef37c05275a12e0c758cfc2945296a5d2719af0a0d3	Otarli się o siebie milczą co policzkami i Emil poczuł bardzo lekki zapach perfum.	pl	grammar-or-spelling
14591dea020f268ae20b95e791defb91c2ebc96635e6bcc3ed47df87b9e55471	On czekał, jak prawie zwykłe, na Ewę.	pl	grammar-or-spelling
9b83c535eeb71a5f40e9e187e72ae626001b531c19c80e35b31f412094b69364	Ze jesteś taki, jak ja chcę.	pl	grammar-or-spelling
e8365377ad07698095631f233d27e1054cd9f9f3558c98e3db419f850f268d58	I z jej życia zaczy nało rozwijać się dzieło sztuki.	pl	grammar-or-spelling
3a9c8795459cc91d4e4779aec03e9a8b1a8d18cc96e7af2d2bb27fbdb5c1324c	— Gdybym był dziewczyną, tobym na pewno był kurwą — pomyślał, ale zaraz wstał.	pl	offensive-language
e8365377ad07698095631f233d27e1054cd9f9f3558c98e3db419f850f268d58	I z jej życia zaczy nało rozwijać się dzieło sztuki.	pl	grammar-or-spelling
3ac95192d926a5c1690487c97200a4cc4ae8bfcb05d7fb432e6cae49a0ab517a	— No, teraz jesteś dostatecznie zła, więc możemy roz mawiać.	pl	grammar-or-spelling
49fc2e6bba4c3b5ddf827d081637b79834789795ab1ca1ab8ef2fd2740f52c1e	Nie po trafię.	pl	grammar-or-spelling
0ce41ca5162278be11ff580f2e2f5b3a2534b73e6092846c891fb2228314c356	Podeszli do niej i poczuli obaj ostry za pach, jaki wydziela podniecona kobieta.	pl	grammar-or-spelling
c28feca983ec8bbd2b6a8d38fc201bc5a437db122530a8fdefe85dd1a4d68eda	Artykuł do „Revue Philosophique”: „Analiza pojęcia przy padku”.	pl	different-language
c28feca983ec8bbd2b6a8d38fc201bc5a437db122530a8fdefe85dd1a4d68eda	Artykuł do „Revue Philosophique”: „Analiza pojęcia przy padku”.	pl	different-language
b9bc9f20e971f4617268edf0ae3b0b602aa4c44d7c36f8976b953e95e180f011	Nie nazywali tego przyjaźnią, nie nazywali tego wcale.	pl	Po nagraniu podczas ods?uchu straszne szumy s? 
6dcccd2ea3ac00d4b015c6125ba855fcc97f00203968406d30f9751f205f6892	Pomyś lał o Klarze: z lekka obskurna, o wydatnych piersiach.	pl	grammar-or-spelling
b93a862b0de2ec20e4523824efd0c296bcfb470da526918cd504b82118a1c820	Teraz już się tak nie.	pl	grammar-or-spelling
d74e4afc5fb7947c6810aeb5c1e0f3ed056c672e1a66c2034976b25899d07d3c	Ciśnienie ustępowało, jak powietrze z dziurawego balo nu.	pl	grammar-or-spelling
07d606f552a88c841d3638928c6164f8ebf4da18e012f0de4e17b732c820786d	Meduzy nie bieskie i różowe kołysały się jak kwiaty o grubych i miękkich koronach.	pl	grammar-or-spelling
1a3cf851ad5a3a2b051e8c10dfe1c002db5dd81f0e35fb9c9ca9173dfa2010a1	Na czterech fortepianach, w czterech krańcach pensjona tu, ćwiczyli uczniowie Finsena.	pl	grammar-or-spelling
0c20ba63519633581a0f9a4daf3c3c9e8917c5b8deeefa85d55daa751e3812d3	Emilowi z trud nością przyszło wypowiadanie pewnych słów w obecności dyrektora i wychowawcy klasy.	pl	grammar-or-spelling
14591dea020f268ae20b95e791defb91c2ebc96635e6bcc3ed47df87b9e55471	On czekał, jak prawie zwykłe, na Ewę.	pl	grammar-or-spelling
cd59418e0d1cff3a5a384bc97d3bcd1a21d37944baf4d30ddb4e4c38f29d742a	Była szczytem kobiecości, jej szczytem i zarazem otchła nią.	pl	grammar-or-spelling
2cb50f878d0a7b23f477c87c70f7d61f004e9a457553152bba14220f3b530472	Zimna woda była codziennym potwier dzeniem jej „chcę”.	pl	grammar-or-spelling
2c73c44d7a51f918aa64cf0c1f622d17a2dbec5a6c0981ab6589dac144f3600d	Słyszałam, że jest brzyki i niegrzeczny	pl	grammar-or-spelling
45f90f0e3eea89d3179d3218e0d1fa0ac8e645d6b8ee37c60fc1aacf79eae3f4	Czekam, aż obrazy podniosą się przede mną, jak przed zaklinaczem wężę.	pl	grammar-or-spelling
143df6e1994dac154b0a040e0bbc4589044d690a3a38ed655c2c4ff8e23ca712	Z konwencjonalno-fizjologicznego punktu widzenia to on mię miał pewną ilość razy.	pl	grammar-or-spelling
04bd5251a0b4129d163df14b5b533c564cdf0b5af967654862a45cb103d06ab1	Siadał pomału, gdy nagle odczuł nienawiść wobec poko jówki Józi.	pl	grammar-or-spelling
cd59418e0d1cff3a5a384bc97d3bcd1a21d37944baf4d30ddb4e4c38f29d742a	Była szczytem kobiecości, jej szczytem i zarazem otchła nią.	pl	grammar-or-spelling
3ac95192d926a5c1690487c97200a4cc4ae8bfcb05d7fb432e6cae49a0ab517a	— No, teraz jesteś dostatecznie zła, więc możemy roz mawiać.	pl	grammar-or-spelling
3aa9172567ea5c00cdcbc7d6966a370802525d9a8ecd1e4a46753c3d84104106	Kelner przyniósł lody i trzy grube, okrągłe wafle, we tknięte w usta lodów.	pl	grammar-or-spelling
3940d277e86aad551f0ebad65feecf2c7425deead4036c52d7f463e1bd0c3640	— Nie wiem, jak długo jeszcze zdołam w pobok was przebywać.	pl	grammar-or-spelling
20d543a13166e12e8c8e85f8938d4c0df0e80eae73c20f1ea7e65d9a88e8ed10	Raz przyniósł fotografie porn.	pl	grammar-or-spelling
04bd5251a0b4129d163df14b5b533c564cdf0b5af967654862a45cb103d06ab1	Siadał pomału, gdy nagle odczuł nienawiść wobec poko jówki Józi.	pl	grammar-or-spelling
1a3cf851ad5a3a2b051e8c10dfe1c002db5dd81f0e35fb9c9ca9173dfa2010a1	Na czterech fortepianach, w czterech krańcach pensjona tu, ćwiczyli uczniowie Finsena.	pl	grammar-or-spelling
3eeda970fdfd0a900adc351f779a45a2c31a248cab23484d9e7c118f0f068cf0	— Ale nie będziesz się ze mnie śmiał? Zmieniam glos.	pl	grammar-or-spelling
cd59418e0d1cff3a5a384bc97d3bcd1a21d37944baf4d30ddb4e4c38f29d742a	Była szczytem kobiecości, jej szczytem i zarazem otchła nią.	pl	grammar-or-spelling
57ac39b81c5d08692490c969c1e1ba84dbf2b568ea45dc09c14af35ac58772fe	— Patrzył, jak się macacie, i brandzlował się.	pl	offensive-language
00d13628668c36721a7a1297e7e3e57e530977a8748aed217e7ce003d6d5d139	Że mineta o wiele przewyższa jebanie	pl	offensive-language
272a7d9cd20061b744460482b2b3f3004a93cf05cdbc71cb5bb0523ca995c8b3	Dlatego nazywa się mały k.	pl	skrót
1bc7620e0452e2480d04e8e60a6d78e14bcb604207f251d099acd71c8af673e5	Mit-Sah podnosił swój trzydziestostopowy bicz, wiązany z surowych pasków jeleniej skóry.	pl	different-language
126dfce21f30c1c1ba06ba01d208c6f6c544af7bd4126c456ca83bb655fa0d6e	Nauczy się pan wytrzymywać efekty, przygoto wywać je jak wielki pianista crescenda.	pl	grammar-or-spelling
44fa552d52516c62554d187996d566a3412589ad89d60bf38624dd17dbb8195e	Które to figle kształcą i piczę i pytę:	pl	offensive-language
48f2cac96cef1264d6bb87c00b68e56c7c5cb28ddfc4b73d836252ad8b5e5795	Zasapał się, zapocił, chuj się nie zagłębiał	pl	offensive-language
4f3d48f927291d24efb3722a5d031afe6005e2862af94f1fba18cdea0c1fc6aa	Domy ja deko racje teatralne.	pl	grammar-or-spelling
51fd16356e1957d17af56f9e5299f3b483c659da7ed6f05ab1c2bf0f04c6c8b4	Od skoczył od fortepianu.	pl	grammar-or-spelling
54b2321040ec801c09ec314e05f0306a5f36b9e7749108cc8d2b71c6db58c290	Póki chuj opadnięty, to się baba boi	pl	offensive-language
54b2321040ec801c09ec314e05f0306a5f36b9e7749108cc8d2b71c6db58c290	Póki chuj opadnięty, to się baba boi	pl	offensive-language
6d7addbe48d479428f2b4bbcddce4096f54ab1c5602ced96f74bfb1d42307b5d	Staś zwrócił się wesoło do towarzyszki i fzekł: — Nel, zostałaś córką księżyca!	pl	grammar-or-spelling
54b2321040ec801c09ec314e05f0306a5f36b9e7749108cc8d2b71c6db58c290	Póki chuj opadnięty, to się baba boi	pl	offensive-language
6f409139598a1d0dac83db967330919737ec1126cf422f0a3bca578e81bd111d	Czarodzie je wskrzeszają umarłych, którzy odjeżdżają, leżąc, jeden obok drugiego, na ruchomej taśmie.	pl	grammar-or-spelling
5ac6c61f4cc2e225d0ae2056714fb46adad674e5053ba4e3bbddf4fef706d831	Otóż Anglia ściga po cały świecie handlarzy niewolników.	pl	grammar-or-spelling
5b7b60de768beeaf38e04761ab7589b8bb5a5ca702308b2866dca997d9bb9617	Pełną ręką zaczerpnął, przetłuścił kutasa	pl	grammar-or-spelling
52d973e26cecf12ee6e9303eb916c8b3ce0a75fae7e8e3f3ab8816fb1d72b07e	Tym, czego ślepy kutas nie zobaczy.	pl	grammar-or-spelling
48f2cac96cef1264d6bb87c00b68e56c7c5cb28ddfc4b73d836252ad8b5e5795	Zasapał się, zapocił, chuj się nie zagłębiał	pl	offensive-language
8deadce8690e14ceef0ae704f8bd4702aa4c29ffcf373af87290e1e5fc4b2a31	Każdy kiedyś mu siał się uczyć, dojrzewać, mylić się i błądzić.	pl	grammar-or-spelling
885f70285619b8b74e51009631bc2eee3cf0f965f002e1509895a6e3981fc9f3	Kutasem także zwane, chociaż częściej bywa	pl	offensive-language
52d973e26cecf12ee6e9303eb916c8b3ce0a75fae7e8e3f3ab8816fb1d72b07e	Tym, czego ślepy kutas nie zobaczy.	pl	offensive-language
913bc39333bc70742d346fa441e83edc201d57a05aae48fd382d548dee1464e3	Widział już tę męczącą perspektywę, ale jej punkt wrażliwości przesunął się nie spodziewanie.	pl	grammar-or-spelling
48f2cac96cef1264d6bb87c00b68e56c7c5cb28ddfc4b73d836252ad8b5e5795	Zasapał się, zapocił, chuj się nie zagłębiał	pl	offensive-language
52d973e26cecf12ee6e9303eb916c8b3ce0a75fae7e8e3f3ab8816fb1d72b07e	Tym, czego ślepy kutas nie zobaczy.	pl	offensive-language
54b2321040ec801c09ec314e05f0306a5f36b9e7749108cc8d2b71c6db58c290	Póki chuj opadnięty, to się baba boi	pl	offensive-language
a386a256660c4c562d39559a5bf2411137b4a98c1cdcd32dbad0940ccda103e0	Odszukała ławkę, gdzie przestra szyły ją strażniczki ciemności, i przeszła koło niej.	pl	grammar-or-spelling
bd7a5ca9d9ea97bdc2728e173fccf704abbd275b9fee70efc68e09a3dc536ad1	Naturalnie chodzi tu o trudny do określenia stopień roz padu jednostki i środowiska.	pl	grammar-or-spelling
20d1d3757784e63861404471fe64e5ac002fb6552b0aec37cc554adcfc55c852	Wreszcie zajęczał lekko i spuścił się w... spodnie.	pl	offensive-language
90c68c3f67a0e6fe11e07b970900e6037b079f314701b050e7e0db411219dba1	Ewa czekaia kwadrans.	pl	grammar-or-spelling
126dfce21f30c1c1ba06ba01d208c6f6c544af7bd4126c456ca83bb655fa0d6e	Nauczy się pan wytrzymywać efekty, przygoto wywać je jak wielki pianista crescenda.	pl	grammar-or-spelling
1f1c451185d3e4c5c462a80a638ebde3b642d99b42d230c5d502cf029ff38d1d	Kasztany stały wyprostowane, nadsłuchujące.	pl	grammar-or-spelling
283fe2fd5e01fecc5ca8ea2837377117c34c95c21d84c21ea72e3e3392d9590b	Zaciągała ich na bulwary i oglą dała prostytutki.	pl	grammar-or-spelling
106fc4df7b2370d3b18755c589ad41f8a67ebefa29adb545893094eea3fc909a	Przy przekopywaniu kanału pracowało ich znacznie mnie.	pl	grammar-or-spelling
41f989bc337aefae539f9ceef12fe89e8516b5e2cb4a8d5a03136ad02f957db0	Otóż tego to chuja chciał Tadeusz Zosi	pl	offensive-language
90c68c3f67a0e6fe11e07b970900e6037b079f314701b050e7e0db411219dba1	Ewa czekaia kwadrans.	pl	grammar-or-spelling
4f3d48f927291d24efb3722a5d031afe6005e2862af94f1fba18cdea0c1fc6aa	Domy ja deko racje teatralne.	pl	grammar-or-spelling
90c68c3f67a0e6fe11e07b970900e6037b079f314701b050e7e0db411219dba1	Ewa czekaia kwadrans.	pl	grammar-or-spelling
a5910ddd9c86172c1caf30a2c2393759e6ea6514a814fa56548d9b1b334fb46a	Wiele miejsca zajmują materiały poświęconej rozwojowi oraz działalności gromady żydowskiej miasta Czerniowców.	pl	grammar-or-spelling
ca350f8ef5be37bc63a93734c425e1e347b510c5b2a5f02022abae2543efb57f	Poszli pewnego razu o godz.	pl	Zdane ko?czy si? skrótem wymagaj?cym kontynuacji. 
ca350f8ef5be37bc63a93734c425e1e347b510c5b2a5f02022abae2543efb57f	Poszli pewnego razu o godz.	pl	grammar-or-spelling
ce09f437d2a9691d97806101cb7689433c914debe3bcc15616622b68aa800ce1	Kształty i barwy przepływały poprzez nią, i głowa jej po dobna była do ekranu.	pl	grammar-or-spelling
de06c6a304626183eee54c6f0817efb77a7a68bebf8080116e832f56bbe30822	Możesz pójść na rynek, gdzie kupcy rozkładają swoje za pasy.	pl	grammar-or-spelling
810aae5ef1bd72f60560ac5fedb0a7e849898eca9be6bc592da6600692e07d87	Lub też konno na chuju, na boku, na raka	pl	offensive-language
810aae5ef1bd72f60560ac5fedb0a7e849898eca9be6bc592da6600692e07d87	Lub też konno na chuju, na boku, na raka	pl	offensive-language
f84ef1fa41725b17e21c5c5e19625add96a2df06f75d276f632e911d6497fa95	Wytrysnęło ze mnie samo, jak sperma.	pl	offensive-language
4f3d48f927291d24efb3722a5d031afe6005e2862af94f1fba18cdea0c1fc6aa	Domy ja deko racje teatralne.	pl	grammar-or-spelling
fd69ff935f85c1573209684f238aa7dbc380a0be87999a8e5a5a04e7cbe1031b	Ślad bierznika na grzbiecie.	pl	grammar-or-spelling
810aae5ef1bd72f60560ac5fedb0a7e849898eca9be6bc592da6600692e07d87	Lub też konno na chuju, na boku, na raka	pl	offensive-language
0b9ec56e732b939ce35ec53098fb91c3c793cff44f46254253a49b53a1e35852	Za to ty — kurwy, odjazd, mężczyźni.	pl	offensive-language
0b9ec56e732b939ce35ec53098fb91c3c793cff44f46254253a49b53a1e35852	Za to ty — kurwy, odjazd, mężczyźni.	pl	grammar-or-spelling
126dfce21f30c1c1ba06ba01d208c6f6c544af7bd4126c456ca83bb655fa0d6e	Nauczy się pan wytrzymywać efekty, przygoto wywać je jak wielki pianista crescenda.	pl	grammar-or-spelling
fb0a5855854dada84cbe5a8f1d759f185868577dd9b8bbda54196ad8b2b751b3	ogóle nie był zdolny do myślenia.	pl	grammar-or-spelling
fb0a5855854dada84cbe5a8f1d759f185868577dd9b8bbda54196ad8b2b751b3	ogóle nie był zdolny do myślenia.	pl	grammar-or-spelling
2fe17b5868488af7461fb4154f686ac528680ce8c367bd8451675ca2c71693c0	A na zachodzie rozciągnęła się nikłą i bladą zorzą jasność zodyakalna.	pl	Staromodna pisownia s?owa zodiakalna.
fa519f07cac9cd938ef36b79bd77ecf43f5ed06860640b6dcf76eddddbab7373	Ach, co to była za noc! Oczywiście, że ci się chce spać.	pl	To dwa zdania, nie jedno.
42ffc069144067ab09ac6960accf9b420a3307fe192d8743b607e7674597f7aa	Nie miał nigdy trudności z włożeniem do piczy	pl	offensive-language
fd040df4073c36076b1f15a178949bc699c413f13fe0692e00883bb4a5228873	Chociaż przy zabawie z małymi zwie rzętami.	pl	grammar-or-spelling
324181d42e49f6f7b872127e88e5ca531987f9ef9acef21cb4ded00df78e7c38	Zaledwie tu i ówdzie jakiś mały władca rościł prawo do niektórych ziem.	pl	grammar-or-spelling
2e4371ec7d48ec05087bc56a19c496d28e31563236d82092647a6520a5e97e0e	Strzelajć z karabinów małego kalibru - i tylko kulami, wyrobił sobie niechybn rękę i oko.	pl	grammar-or-spelling
6d7addbe48d479428f2b4bbcddce4096f54ab1c5602ced96f74bfb1d42307b5d	Staś zwrócił się wesoło do towarzyszki i fzekł: — Nel, zostałaś córką księżyca!	pl	grammar-or-spelling
2e4371ec7d48ec05087bc56a19c496d28e31563236d82092647a6520a5e97e0e	Strzelajć z karabinów małego kalibru - i tylko kulami, wyrobił sobie niechybn rękę i oko.	pl	grammar-or-spelling
816c4d7ea2f3e53c4156f44a998ec203f94a8801a66e6c0cd0528ed81cad5755	— Pan cierpi na artystyczną eiacuiatio praecox.	pl	different-language
816c4d7ea2f3e53c4156f44a998ec203f94a8801a66e6c0cd0528ed81cad5755	— Pan cierpi na artystyczną eiacuiatio praecox.	pl	difficult-pronounce
7bf6ae067917212c232ccf22482dd0ecd0cc4e796f8e92e52a21ea7ed30e03a3	"Poco plamić te karty opisywaniem dalszych zbrodni?"	pl	grammar-or-spelling
699e8ed9702311b38fbe6a2745b905ca37e877f24164cf572e15146cd4ccae20	"Podniósł drżącą rękę szklankę i wychylił ją, zanim zdobył się na odpowiedź."	pl	grammar-or-spelling
8a3c43d6f4abca3a5d6191c6565c1e3b284b25ece35ac7a7477ecc4b9e7b1d43	"W reszcie mogę wyłożyć karty na stół."	pl	grammar-or-spelling
ec99cffb78279d64ccb1be7c8c181c9c4fb2684f1071d73ddca54029549d8178	"Prysnęła gdzieś jego myśliwską ambicja i zajęła go tylko jedna myśl."	pl	grammar-or-spelling
5ac7ff98abcee2cd7eb0ef42539e38a9cb59d0fd339d2ce4dbe4ce33c205559c	"Brama była żelazna kratowana osadzona mocno pomiędzy dwoma słupkami o heraldycznych upiększeniach."	pl	grammar-or-spelling
811baca92f9fee8467aed7201bf0276306d03cab0ed30194de59885478a8a758	"Ostatnie lata upłynęły na troskach i ciężkiej prący, musiał więc sport zupełnie zarzucić."	pl	grammar-or-spelling
4c9208d0988dc123b756e44a6e150f3109371db1ad03dcc1c3fdfd1ca97b1de2	"Hrabia wziął pustą butelkę przejrzał ją pod światło."	pl	grammar-or-spelling
c00babee2a0724e8e68802eefda6e428b8947c50c7051a9f05151229b8e4983f	"Jak zwykle dochodziło do kłótni i psy zaczęły szczekać."	pl	grammar-or-spelling
ec99cffb78279d64ccb1be7c8c181c9c4fb2684f1071d73ddca54029549d8178	"Prysnęła gdzieś jego myśliwską ambicja i zajęła go tylko jedna myśl."	pl	grammar-or-spelling
915f91dbaf3fe05540d5eb0080dd63ec972b967dcff7a425d7852d97a5ac9dc0	"Gdy przygotowania już poczyniono, na scenie zjawiła się nowa posłać."	pl	grammar-or-spelling
90c68c3f67a0e6fe11e07b970900e6037b079f314701b050e7e0db411219dba1	Ewa czekaia kwadrans.	pl	grammar-or-spelling
ec99cffb78279d64ccb1be7c8c181c9c4fb2684f1071d73ddca54029549d8178	"Prysnęła gdzieś jego myśliwską ambicja i zajęła go tylko jedna myśl."	pl	grammar-or-spelling
ec99cffb78279d64ccb1be7c8c181c9c4fb2684f1071d73ddca54029549d8178	"Prysnęła gdzieś jego myśliwską ambicja i zajęła go tylko jedna myśl."	pl	grammar-or-spelling
27eea1cd2d52e774554543b74eb8bfbe42b1fa5df2bb85142aac41021a4b08ac	"Podobne spędzanie czasu odnawia ludzkiego ducha."	pl	grammar-or-spelling
90c68c3f67a0e6fe11e07b970900e6037b079f314701b050e7e0db411219dba1	Ewa czekaia kwadrans.	pl	grammar-or-spelling
9143a958b5a9f8e3227774f307830f8c8c4c6c450b7a387e89b5e7bc32ef8a5e	"Gdyby go tylko dostali w swoje ręce zmusiliby go już mówić."	pl	grammar-or-spelling
915f91dbaf3fe05540d5eb0080dd63ec972b967dcff7a425d7852d97a5ac9dc0	"Gdy przygotowania już poczyniono, na scenie zjawiła się nowa posłać."	pl	grammar-or-spelling
808f8d2efdeef5d0a7edbeb31ee10007d1f2c1c7b690cba099883e193d017db6	Olbrzymie, chwiejące się kraty, zielonkawe, odlegle światło.	pl	grammar-or-spelling
b0d07bd6675b18db501fb165de9a2cc1ac8631056ea4521644970a7cb1165321	— Słuchaj, słuchaj, ja byłam głupia, że ci to powiedzia łam.	pl	grammar-or-spelling
9bca8c6fda190d47db875e655b1bf95236b8636c3457e219cd1cbf69d2f4d55c	Zapisz Anii wszystko, dom, pieniądze, powozy i posiadłość rolną…	pl	grammar-or-spelling
b0d07bd6675b18db501fb165de9a2cc1ac8631056ea4521644970a7cb1165321	— Słuchaj, słuchaj, ja byłam głupia, że ci to powiedzia łam.	pl	grammar-or-spelling
b712d72981840062e3e20e41e19b967b41b24d123fc5e6f4f8f26ca844628ab0	"No, mój panie, teraz zobaczymy zawartość tego portfelu."	pl	grammar-or-spelling
c64537f50f9c8144e892d200ba525eb684b03d1802a5f564f0700e81ee52bddb	Utworzyli oni jakby osobną klasę ludzi, do której należeli wszyscy niemal naczelnicy pokoleń.	pl	ERROR
c880b2906c3be68d3c7d47d8ae2d6e356230b95bf936ed3d87b8968d77eb1c46	— Dobrze, nie wspomnę o tym.	pl	SERWER

ec99cffb78279d64ccb1be7c8c181c9c4fb2684f1071d73ddca54029549d8178	"Prysnęła gdzieś jego myśliwską ambicja i zajęła go tylko jedna myśl."	pl	grammar-or-spelling
ca350f8ef5be37bc63a93734c425e1e347b510c5b2a5f02022abae2543efb57f	Poszli pewnego razu o godz.	pl	grammar-or-spelling
cbaeec90ebaf6c8c353827a3608dc5fdbcaa0c7e1f5b82039672ce23eef9e7ce	Gdy pisiała, a on przypadkowo mógł usłyszeć, np.	pl	grammar-or-spelling
c4b0a75dc373d0d04932e80a5debef08a5a68f08381a9fbaa5cd0fd591391eeb	harcerze rozpalli ognisko	pl	grammar-or-spelling
5ac7ff98abcee2cd7eb0ef42539e38a9cb59d0fd339d2ce4dbe4ce33c205559c	"Brama była żelazna kratowana osadzona mocno pomiędzy dwoma słupkami o heraldycznych upiększeniach."	pl	grammar-or-spelling
9bca8c6fda190d47db875e655b1bf95236b8636c3457e219cd1cbf69d2f4d55c	Zapisz Anii wszystko, dom, pieniądze, powozy i posiadłość rolną…	pl	grammar-or-spelling
cd269044dbf43bd7c5ff43407592bbd3573dc83e4b0895d040a89cbe079f91e1	"Ale nie mam w tym kierunku żądnych obaw."	pl	grammar-or-spelling
f8d85990c2d89be750af8359dbd4cf8da00fc51da3d0c977bfb1b5fa5f0cfc0b	Ponoś zapasów na lata starczy.	pl	grammar-or-spelling
f21c3d85c4ba56d8a77895680b468df3b52f19a68a2cd5333acaf6b8cd8cc994	Bardzo mi przkro.	pl	grammar-or-spelling
f4fb370dfea32cdd467bfa0e9aaac98d3dd7c1680ca9621b222f98aeabeefcbc	Dopiero wczoraj skończyła go.	pl	offensive-language
f4fb370dfea32cdd467bfa0e9aaac98d3dd7c1680ca9621b222f98aeabeefcbc	Dopiero wczoraj skończyła go.	pl	different-language
09c81efb48396f7a3a505e2a3aac2db58d781a2e4c39b92931d80dd53183225e	Księżniczka siedziała na białej skale i przyglądała się im…	pl	grammar-or-spelling
09c81efb48396f7a3a505e2a3aac2db58d781a2e4c39b92931d80dd53183225e	Księżniczka siedziała na białej skale i przyglądała się im…	pl	different-language
09c81efb48396f7a3a505e2a3aac2db58d781a2e4c39b92931d80dd53183225e	Księżniczka siedziała na białej skale i przyglądała się im…	pl	difficult-pronounce
09c81efb48396f7a3a505e2a3aac2db58d781a2e4c39b92931d80dd53183225e	Księżniczka siedziała na białej skale i przyglądała się im…	pl	
106fc4df7b2370d3b18755c589ad41f8a67ebefa29adb545893094eea3fc909a	Przy przekopywaniu kanału pracowało ich znacznie mnie.	pl	grammar-or-spelling
0cadd6c957b38a0d1b919965123a24257ddfede01e6eb83f5baa13f08c6f6275	Dzieli nas od niego ogrmona przestrzeń Egiptu i cała Nubia.	pl	grammar-or-spelling
106fc4df7b2370d3b18755c589ad41f8a67ebefa29adb545893094eea3fc909a	Przy przekopywaniu kanału pracowało ich znacznie mnie.	pl	grammar-or-spelling
16847eeeff12fb6682011884304d2cb04b37721a79415465801c39748ddb63b5	Proszę, składam wniosek o utajnienie dalszej częsci i przesłuchiwanie za kulisami.	pl	grammar-or-spelling
106fc4df7b2370d3b18755c589ad41f8a67ebefa29adb545893094eea3fc909a	Przy przekopywaniu kanału pracowało ich znacznie mnie.	pl	grammar-or-spelling
b1381571a71a3ad0615c608318f0f209c877be03feac2969f8e7e8799b6018a7	Mahdi pobił we wszystkich bitwa wojska rządowe.	pl	grammar-or-spelling
f8d85990c2d89be750af8359dbd4cf8da00fc51da3d0c977bfb1b5fa5f0cfc0b	Ponoś zapasów na lata starczy.	pl	grammar-or-spelling
2020b8534ccc34d38ced47e6b2653ba68e17affbfc6be862de591593316eed6e	Zrozum, Aniu, że ja so bie sam wyjaśniam.	pl	grammar-or-spelling
2020b8534ccc34d38ced47e6b2653ba68e17affbfc6be862de591593316eed6e	Zrozum, Aniu, że ja so bie sam wyjaśniam.	pl	different-language
2020b8534ccc34d38ced47e6b2653ba68e17affbfc6be862de591593316eed6e	Zrozum, Aniu, że ja so bie sam wyjaśniam.	pl	grammar-or-spelling
106fc4df7b2370d3b18755c589ad41f8a67ebefa29adb545893094eea3fc909a	Przy przekopywaniu kanału pracowało ich znacznie mnie.	pl	grammar-or-spelling
126dfce21f30c1c1ba06ba01d208c6f6c544af7bd4126c456ca83bb655fa0d6e	Nauczy się pan wytrzymywać efekty, przygoto wywać je jak wielki pianista crescenda.	pl	grammar-or-spelling
816c4d7ea2f3e53c4156f44a998ec203f94a8801a66e6c0cd0528ed81cad5755	— Pan cierpi na artystyczną eiacuiatio praecox.	pl	difficult-pronounce
6c0125c9b5f7dc5a2aa4e38a20bd9932322f90ccd225216bfcfe7df4948eac22	"On jest obecnie sąsiadem niebezpiecznym."	pl	I already read it
fc2fd51faf4ccb32a383907ceb90afc41b3a9d7141ef115933b94dc8ae1d68a7	— Hallo! Próbowałaś grać Kleopatrę Shawa? — Próbowałam.	pl	difficult-pronounce
fc2fd51faf4ccb32a383907ceb90afc41b3a9d7141ef115933b94dc8ae1d68a7	— Hallo! Próbowałaś grać Kleopatrę Shawa? — Próbowałam.	pl	different-language
106fc4df7b2370d3b18755c589ad41f8a67ebefa29adb545893094eea3fc909a	Przy przekopywaniu kanału pracowało ich znacznie mnie.	pl	grammar-or-spelling
7ae826ab05eadd0eb3a445b387ce1c7d5ae6df488df3cb8d19f571158abe8317	"Nie koniec na tem."	pl	Bardzo stary staropolski
5a9a93eeae42e48d876b47928b355c323c32e821ab396a0df36cde6e38e284dd	"Odgłos ucichł na chwile, poczem odezwał się ponownie."	pl	grammar-or-spelling
f2505897bb27ca76f4b45039caf56ccab070b95f0737bd3211845ea1881b0eff	Firefox	pl	different-language
f2505897bb27ca76f4b45039caf56ccab070b95f0737bd3211845ea1881b0eff	Firefox	pl	ZaWZA1
ec99cffb78279d64ccb1be7c8c181c9c4fb2684f1071d73ddca54029549d8178	"Prysnęła gdzieś jego myśliwską ambicja i zajęła go tylko jedna myśl."	pl	grammar-or-spelling
fdafbb5c3a7a5f9ecf13412043c2189433da408649e90b2f429982c3353a8348	"Zapach był straszny w tem mieście."	pl	grammar-or-spelling
2d4cfc737e7450b4a709be20af259ca6da3f5841407443787387746dcc649477	"Będę mógł za pana się tem zająć."	pl	grammar-or-spelling
1591530812c0738f884ad7d5769ad60e3972867d52c48c5ce6fe91925a35805d	"Na tej ręce mogły dwie rzeczy zwrócić jej uwagę."	pl	grammar-or-spelling
96fa796bafe4b54dd53710ad1f934ac19f95eda12af4e78fd350a279e4a767ac	"Czy może znajdował się w takiem samem niebezpiecznem położeniu, jak ja?"	pl	grammar-or-spelling
98f0c6262ce3b984df5a1e92e8498844cdf3a34e77fc41872edc17b0edfb48d1	Twój syn niemoże stać w szeregu ciemiężycieli.	pl	grammar-or-spelling
eb5d64a54687a52592dd6d8d3322aa8f09683dd03d57bff3e71ef699bed9359f	"Dla czego ja właściwie żyłem tutaj?"	pl	grammar-or-spelling
7de17128c72423340745a78a7fac52b6d4e9b53d6c677b6f03b7abc1f7d6a1a7	"Przeszedłem okratowaniem przez wązką ścieżkę ogrodową, przysunąłem twarz do szyby: wszędzie ciemno."	pl	grammar-or-spelling
2d8ba436cf9f5dfbc416adf17ee39601ccb34175e592102d39a6fb68833174d6	"Poprostu nie mogłem."	pl	grammar-or-spelling
2d8ba436cf9f5dfbc416adf17ee39601ccb34175e592102d39a6fb68833174d6	"Poprostu nie mogłem."	pl	grammar-or-spelling
2f7fc9eeb2163403b7cc0b9b9b91add3239a432aebe9f7a93884ed346b81d455	"Musze kogoś obudzić, aby mi wskazał drogę: powiedziałem sobie."	pl	grammar-or-spelling
cd91ac3253c4dac9131ca6ecc27f856d77dcedef4efac70dfccc51224ddea5fc	"Nie mogę przecie dziecka ustąpić!"	pl	grammar-or-spelling
e148b9d2ed7ef791dec08fdc8fec651fb2afbc0719540ec681d32dc6fb603d35	"Wpierw spróbować rozkoszy: ujrzeć jak dochodzi do przejrzystości to, co jest nie wypowiedziane."	pl	grammar-or-spelling
fce91474514a56fe9353414e433d558690292e06dabc8d0b82952730fb12fe62	"Może mam mu ją odnieść?"	pl	different-language
6746f4cbd765433695c6c49686ee132d99a9fe44999680474351eecce22480be	"Dwuch więźniów już się kilkakrotnie zmieniło, ale ja nie zwracałem na to uwagi."	pl	grammar-or-spelling
3538b2608e1451fa8cb7aea203d1515df86d6a4f933bdea56bd32440ffd0daa7	"Ostatnie słowa wymówił syczącym szeptem i ze złośliwym uśmiechem."	pl	difficult-pronunciation
f620cd278a31ce1d4adbf53a91e7aefac6942bfbecc96d23f1e04b5f94cb671e	"Może też obrał tę drogę dla tego, że tędy szedł wczoraj za Blanką."	pl	grammar-or-spelling
21b277b4b87fe687324830a1739b2c109a9a83585d5cf557ac5736361c434d85	"Dobry koniec dzida, usprawiedliwia środki ku niemu powzięte."	pl	grammar-or-spelling
9ba2a00d3ff378bb5f0404b3ac235c0889825cdf16522166a881b05e588840c8	"ja to przeciwnie jestem na twoje usługi."	pl	grammar-or-spelling
f620cd278a31ce1d4adbf53a91e7aefac6942bfbecc96d23f1e04b5f94cb671e	"Może też obrał tę drogę dla tego, że tędy szedł wczoraj za Blanką."	pl	grammar-or-spelling
4e26b6188fa08e6c898ac960d3fca76e227c62fe786159f8bdd0cb189b4e794e	"Jednak, po nad ich głowami ptaszek śpiewał pomiędzy gałęźmi."	pl	grammar-or-spelling
db3dc252e3161535dc31b9144225bd2393165c6f0fe54b033bf05db85ad73257	"Nie wiem dla czego."	pl	grammar-or-spelling
10235433ac544ba38fdd759999331b73f76649aacdb9edcfa357d29d58fd75cc	"Skok i siedziałem w siodle."	pl	difficult-pronounce
98f0c6262ce3b984df5a1e92e8498844cdf3a34e77fc41872edc17b0edfb48d1	Twój syn niemoże stać w szeregu ciemiężycieli.	pl	grammar-or-spelling
82f20c9a469982124a5d9a2cbc4b8e8b21d1d93a42a71b9a1eb267b0403f08bc	"Rzadko kiedy w życiu, panowie, znajdowałem się w tak brzydkiem położeniu."	pl	grammar-or-spelling
995edadf884da26d8ff6ed95cd4d404c60057c8064b37391657aa203ab6ffd03	"Mówił, że nigdy nie słyszał o takiem towarzystwie."	pl	grammar-or-spelling
c1a62addfd35c30a7c11e95aba7191f218df0b0ca9d0fa64c139d21333bac7f0	"W każdym razie musiałem tutaj pochwycić jaką kurę i omlet."	pl	grammar-or-spelling
40a33e7dc4e9dbb8d727470f33e1480bb1a1c34730687bb5ac9100f4d5a8e6bb	"Zwak znów spojrzał na mnie."	pl	grammar-or-spelling
9b76ee9629970421c0bb43415619922f7fac7b7828739487b318a17a40c0c086	"Następnie wzrok człowieka, który trzymał latarkę, padł na puhar z winem."	pl	grammar-or-spelling
c42b388632defaf74000aac8c1949a747a950a6ed1fd9b72815136c25db7d619	"Pozostawało tylko do rozstrzygnięcia, za czem właściciel ich kopał."	pl	grammar-or-spelling
e8784d9cb3b8d097e92e2cdb7e989796f22e1b3774c0db24836e7b3fe995d5c1	"Taki Napoleon I. kochał się naprawo i nalewo i mimo to trząsł Europą."	pl	grammar-or-spelling
f9deaa616f711d1eaeb924c2e804044e81a0001c0f0ef973f633173e1d7a302f	"Czy to był strach, co mnie opanował przed możliwością, że mnie ktoś zobaczy?"	pl	Niepoprawna sk?adnia zdania.
ee7042c8805efc3af80f7bbe751cad6489d6ec78269be248482f8137820d0bf1	"Właśnie też najbardziej tego pragnęli."	pl	Niepoprawna sk?adnia
c9fa674d27e41ebd9a88e3d0ca9865435cb4fe8d05ba6d34ab771e9e40f0c0be	"Musze panu pogratulować."	pl	grammar-or-spelling
106fc4df7b2370d3b18755c589ad41f8a67ebefa29adb545893094eea3fc909a	Przy przekopywaniu kanału pracowało ich znacznie mnie.	pl	grammar-or-spelling
0ca53d7c5fbb6241c481c6e90a2138fa55f19b2bef2b794cbaefcec8007a434d	"Myśl o odkryciu mnie wywietrzała mi zupełnie z głowy."	pl	grammar-or-spelling
ec99cffb78279d64ccb1be7c8c181c9c4fb2684f1071d73ddca54029549d8178	"Prysnęła gdzieś jego myśliwską ambicja i zajęła go tylko jedna myśl."	pl	grammar-or-spelling
58d8d6b7728138e5f8a4de93820aad438ac9d4538ecd273b602b4eebb25e7fbd	Baby chujem nie straszcie, bo się go nie zlęknie.	pl	offensive-language
8b5efcfd4b741841a495dd1a5e112d8070d7a175b5b603468eda05b602b63eb5	Tadeusz jej nie słucha, lecz jebie powoli	pl	offensive-language
8b5efcfd4b741841a495dd1a5e112d8070d7a175b5b603468eda05b602b63eb5	Tadeusz jej nie słucha, lecz jebie powoli	pl	offensive-language
737218dd4c376c94fb352b43884aff263b31c8edc86a07da486b71d9e9d1a71f	"W Charkowie zaburzenia robotnicze."	pl	grammar-or-spelling
966e787ebfe074febfd635ed46b72158caedaa98980d9f03dacc3646b5219c25	"Bo jeżeli mama nie żyje, więc jej fotografia też powinna być trochę wytarta."	pl	grammar-or-spelling
8e9217f866c262ab7a3c08ef102221c36909db7de8fa58843c7696718adeb145	"Nie można było zaprzeczyć, że dla oblegających była to klęska, i ważna."	pl	grammar-or-spelling
7b9ea6f5432a893d7c6598cae39a1194bd233fb130a5e5c272bdb922316dff86	"Zawarłszy więc dom, poszła na plebanią, do księdza, na radę."	pl	grammar-or-spelling
6d7addbe48d479428f2b4bbcddce4096f54ab1c5602ced96f74bfb1d42307b5d	Staś zwrócił się wesoło do towarzyszki i fzekł: — Nel, zostałaś córką księżyca!	pl	grammar-or-spelling
99019e55f424dd541d9718bccdf2b0feb863bbaf6cb92cac57e177c025e0008e	” W przedpokoju okazało się, że jest zupełnie przemo czona.	pl	grammar-or-spelling
915f91dbaf3fe05540d5eb0080dd63ec972b967dcff7a425d7852d97a5ac9dc0	"Gdy przygotowania już poczyniono, na scenie zjawiła się nowa posłać."	pl	grammar-or-spelling
6d7addbe48d479428f2b4bbcddce4096f54ab1c5602ced96f74bfb1d42307b5d	Staś zwrócił się wesoło do towarzyszki i fzekł: — Nel, zostałaś córką księżyca!	pl	grammar-or-spelling
9c6f90b935239e0cfbced53f8eefc2b4c97fa742ccd6e559be4b87eff15add18	"Są to tylko drobne wskazówki ale mogą wam być pożyteczne."	pl	grammar-or-spelling
002a07c041092e6f66cfea9bfe7fb1a218317944201935776939d826dca7f98c	Potrzebne jest to tego odpowiednie środowisko geograficzne	pl	grammar-or-spelling
00dc839d38fb352ddcf145aacec43f7bd91a44c65417fcf6a2b2cffc41f68b8d	Sądziłam, że kieruje je pan tylko do autora pytana i tylko jednej kolejnej osoby	pl	grammar-or-spelling
0164f3bdc15205cb7df9b28686666fee93d9d580ae6c5b8ca73df4809f8223ee	Cytuję Karela De Guchta	pl	difficult-pronounce
01eef71fab24aeff8c60fb9892627e77aeafb456ec321df4ebc2f648012c77af	Tak wygląda krótkie podsumowanie treści przedmiotowego sprawozdanie	pl	grammar-or-spelling
00efd8b7c4ab1de3b068e608b056f7bf446c3270378ce57b7e2b3dbfceaca737	Prosimy o dokonywanie rozróżnienia między pustymi hasłami a rzeczywistością, między populizmem a odpowiedzialnością	pl	grammar-or-spelling
00e639e2c3b34a12b64273aa03ae9225b89d640b76f0a2b84f071ad07376405e	Marże w tym sektorze są faktycznie silne uzależnione od kosztów paszy	pl	grammar-or-spelling
002a07c041092e6f66cfea9bfe7fb1a218317944201935776939d826dca7f98c	Potrzebne jest to tego odpowiednie środowisko geograficzne	pl	grammar-or-spelling
0291e5677520832c4c48051fa2977210c602c9c1b25b224431e607527ac9c1d8	Unia Europejska zrodziła się cieniu dwóch reżimów totalitarnych	pl	grammar-or-spelling
023ece810976f8f72561decf2b96cd48a368e9dc959ec367e9bd34db964e5ea3	Minister Lellouche powiedział jednak dalej, że Francja zażąda gwarancji bezpieczeństwa od tych dwóch krajów	pl	difficult-pronounce
0123d4be9f940fb1afe0c94cd8dd07f34dad815189d082350baf26cc2fd91502	New Energy for America	pl	different-language
0123d4be9f940fb1afe0c94cd8dd07f34dad815189d082350baf26cc2fd91502	New Energy for America	pl	different-language
02f1496c2adf85b68094152133d988f334f9b35c64e673721235b15936cbd56d	Była one naprawdę bardzo pomocna dla Komisji	pl	grammar-or-spelling
041d70112f06832872ad7ba8858343b1b89679d5e9fc8707126fc2d115426650	Bowles	pl	different-language
04a24de1e384ec625b379f888460deab401c4da31693cda2782136dc05afe9b0	Ponieważ wWizja ta dominuje również w komunikacie Komisji, jednakże nie jest to nasza wizja	pl	grammar-or-spelling
056ded47f0633c79d612a08805f974b1cda640c6ef75aaf8e658c62ad071492b	Głosowałem za odrzuceniem sprawozdania, ponieważ jest to kolejns próba wprowadzenia tylnymi drzwiami kwestii aborcji	pl	grammar-or-spelling
0839735f7992e7bc35e0ea981f44ae5bcef21b80df0ec2aaca3f3062eeeefd8d	Mam nadzieję, że duża większość zagłosuje są tym projektem	pl	grammar-or-spelling
07d028baec13145548404f6727b14b8a67320f99aac93fdb2c412fea488e4c9c	U Win Tin jest najstarszym więźniem sumienia w Birmie	pl	difficult-pronunciation
07ef27b1e6bf2a65bf86c75d328fae0d4d63e35092989b7f5ecf5d2ccd4f52b7	By ją ukarać, mąż oblał ją kwasem	pl	offensive-language
0123d4be9f940fb1afe0c94cd8dd07f34dad815189d082350baf26cc2fd91502	New Energy for America	pl	different-language
084b617514a5c6e867f0ebd8fc951cb9206f52d25d764a64c80485602f461841	Skutki kryzysu będą odczuwalne jeszcze przez długi czas - szczególnie na rynku pracy	pl	PRAWDA
00dc839d38fb352ddcf145aacec43f7bd91a44c65417fcf6a2b2cffc41f68b8d	Sądziłam, że kieruje je pan tylko do autora pytana i tylko jednej kolejnej osoby	pl	grammar-or-spelling
08e3e01783f4b4f8cef574654974efa1ed06acdd2af39e18835ca0173215bdff	Tak jak powiedział pan komisarz w ciągu ostatnich dwóch latach udało się osiągnąć ulepszenia	pl	grammar-or-spelling
082e6f87248ae45f2181b7aaadac42ae6a38db75c1c4972a54a5cd1eae533479	Bardzo mnie cieszy, że projekt ten otrzymuje należycie poparcie	pl	grammar-or-spelling
0839735f7992e7bc35e0ea981f44ae5bcef21b80df0ec2aaca3f3062eeeefd8d	Mam nadzieję, że duża większość zagłosuje są tym projektem	pl	grammar-or-spelling
093097e9a8bfdc3ac3295647a27daef5196ba2cf1b20b8ada3f35e6c377fc8e5	Wszyscy próbują poradzić sobie z nieoczekiwanym problemem, ale niewłaściwe udzielanie informacji pogorszyło sytuację	pl	difficult-pronunciation
0982bcd5f0f0938ea47fb9e9c9bb1b93e0d4da7b448d79dbc37e5c038332ec4b	Musimy więc wprowadzić prawodawstwo służące ochronie konsumentów i przedsiębiorstw przez tego rodzaju praktykami	pl	grammar-or-spelling
095d45f98bca61f6849b929a5e0b3d6d9c8a311d84ade47e3ca10d6a6d88d465	Na wstępie chciałbym wyrazić wdzięczność to, jak konstruktywnie byliśmy w stanie ze sobą współpracować	pl	grammar-or-spelling
0a572c8e24b778490b6238395253a76f2b3c6c2abfc51fd3df946b6107be9c2b	Dlatego musimy znaleźć instrument dodatkowe	pl	grammar-or-spelling
0a9686dd40ecf7d7d8793f3d693d7005958852e1c1947048f386fbfb16e0a2f6	W relacjach samą Rosję nowym paradygmatem jest tak zwane partnerstwo na rzecz modernizacji	pl	grammar-or-spelling
0982bcd5f0f0938ea47fb9e9c9bb1b93e0d4da7b448d79dbc37e5c038332ec4b	Musimy więc wprowadzić prawodawstwo służące ochronie konsumentów i przedsiębiorstw przez tego rodzaju praktykami	pl	grammar-or-spelling
0a54b8620cd37d4c413db3b49a7cbc88d8f0735f333cb845d99c02afd106a129	Chorwacji mam nadzieję, że kraj ten osiągnie znaczny postęp w czasie trwania tej prezydencji	pl	grammar-or-spelling
0a621fcefab1e341bbd6e7e642d7b34cc17fb4c408e441f5ab1265331f0f3c92	Mam nadziej, że szefowie państw lub rządów będą promować przede wszystkim tę wizję	pl	grammar-or-spelling
095d45f98bca61f6849b929a5e0b3d6d9c8a311d84ade47e3ca10d6a6d88d465	Na wstępie chciałbym wyrazić wdzięczność to, jak konstruktywnie byliśmy w stanie ze sobą współpracować	pl	grammar-or-spelling
0aa6daf3e7082ab623a1229f8a04cb195395a3e92c42aab5044107e2f5a972b2	Estonia ma jeden z najniższych współczynników zadłużenia zagranicznego i zdołała zapanować na deficytem budżetowym	pl	grammar-or-spelling
0d561e67112417952ed8e798bf84c7d8c8a772790b1d8700d41862fa8fd2734b	Znajduje do odzwierciedlenie w moim sposobie głosowania	pl	grammar-or-spelling
0e07eaf189b5c11e3f4a667ade3943e7a550ddb9039b3caa71ad2c5e2eddcd79	Unia Europejska staje w obronie wszystkiego, co sprzeciwia się totalitaryzmowi	pl	offensive-language
0e07eaf189b5c11e3f4a667ade3943e7a550ddb9039b3caa71ad2c5e2eddcd79	Unia Europejska staje w obronie wszystkiego, co sprzeciwia się totalitaryzmowi	pl	grammar-or-spelling
0e07eaf189b5c11e3f4a667ade3943e7a550ddb9039b3caa71ad2c5e2eddcd79	Unia Europejska staje w obronie wszystkiego, co sprzeciwia się totalitaryzmowi	pl	different-language
0e07eaf189b5c11e3f4a667ade3943e7a550ddb9039b3caa71ad2c5e2eddcd79	Unia Europejska staje w obronie wszystkiego, co sprzeciwia się totalitaryzmowi	pl	difficult-pronunciation
0e07eaf189b5c11e3f4a667ade3943e7a550ddb9039b3caa71ad2c5e2eddcd79	Unia Europejska staje w obronie wszystkiego, co sprzeciwia się totalitaryzmowi	pl	Angelika
0e158d6f923f6a14c9056cc7f5dcd84a59afd20f7d9c88f2edf0020ecd548357	Apeluję o przeprowadzenie debaty, wnoszę o udzielenie mi głosu na dwie lub trzy minuty	pl	offensive-language
0e01d785dd72b9f20ec4e3486da7b3dac326a55f3644fda8d4ebf1ee1f6272fd	Dług i deficyt są zaledwie pretekstem	pl	offensive-language
0e88771ab8e0f76c5323515d6364b697dc84c9c92a2677191c52c85bb37991fe	Sprawozdanie odnosi się do tych problemów i włącza je do wszechstronnej strategii	pl	offensive-language
10537e279e1f92b91e738788d55ffb21f5b87b529945e0798822215f79b1cbfe	Oni również ponieśli straty, ja to rozumiem	pl	jest ok
0fdee43c29641ab00e5768b9ae41e66f7d946b47244402858123270bc7e51e0f	Jest sprawą kluczowa, aby organizacja ta możliwie szybko rozpoczęła działalność	pl	grammar-or-spelling
10108725567aaa022651e3982282357b35bffe062e90bb8b0fb3ec56495c7713	Uczynienie wydaleń bezpiecznymi I zniechęcenie do nielegalności i wyzysku	pl	grammar-or-spelling
0eca33b95be6f836ec0f7969b6dfefbb826ea7905ff706599a8c336dd742c860	Białoruś nadal łamie łamanie podstawowe prawa i wolności obywatelskie	pl	grammar-or-spelling
0fd87a8e903b0edee728543ce78899fa651c0b04f48578d346457257de1fd11d	Ai Weiwei to artysta światowej sławy, który wzbogacił chińską kulturę i sztukę	pl	difficult-pronounce
100f24a28d445547693344398b263b3f23fb96b019d69dfc4433fe02166dec71	Zanik nauczania klasyki w szkołach państwowych w mojej rodzinne Szkocji napawa mnie ogromnym smutkiem	pl	grammar-or-spelling
0f28fda152de04f8e6b5d006bfe6d0e96b1d3aaf1596543670b2a043cfd76ba0	Istnieją obawy, że morderstwo Taseera jedynie odzwierciedla rosnącą falę ekstremizmu i nietolerancji w Pakistanie	pl	difficult-pronounce
106bed888b61c6cc8b72dc687d9fd50faeecff5a75666c41b2c76f5021a9f5b2	Obywa się to w ramach strategii lizbońskiej, z uwzględnieniem aktualnych wytycznych w sprawie zatrudnienia	pl	grammar-or-spelling
11534103af37f8e6b8029f54f89e4a135bdf0da3808bc3072d940e649689a341	Kieruję te słowa zwłaszcza do panów posłów Hutchinsona, Kaczmarka i Irujo Amezagi	pl	difficult-pronounce
105ccc9f37e47cc337d330340cdaf6e231183cd95420cf8511d35fafa36b6332	Uważamy, że niezależny i dobrze funkcjonujące sądownictwo jest sprawą nadrzędną	pl	grammar-or-spelling
11affd787321bf070f6b995ba5430bdc438bbe43a3a72039b144621979831536	kiedy najpóźniej Komisja przedstawi propozycję prowadzającą obowiązek stałego używania fotelików dla dzieci w samolotach?	pl	grammar-or-spelling
10c7a20a78910e3cedf0a2d22996b1e1a875be34c4aee07d4b4259c383883783	Uprości to stary system komitologii	pl	grammar-or-spelling
10cbcdbe2fd1b48c78efdb50773e1ad68b5dd1686f58e748783935d488d8118b	reprezentatywna demokracja ma ten sam poziom demokratycznej legitymacja co referendum	pl	grammar-or-spelling
11ba6540465bd27d10ddb329e5893d4d364be9d5685af6e4de794de0aa368a18	Handel wyrobami przemysłowymi i usługami ma rzeczywści strategiczne znaczenie dla gospodarki europejskiej	pl	grammar-or-spelling
127a8badff8af4f8bcec42c420f86f4f362324a3e64bdf8785da152e832a2afb	Zgadzam się z pańskim kolegą, posłem Verhofstadtem	pl	difficult-pronounce
12209f90936fb88682a0d4ef993c46290751a41a94c9bb1774eed313fbc59e67	Edukacja artystyczna stanowi przekaźnikiem dobrostanu, kreatywności i integracji społecznej	pl	grammar-or-spelling
125b714a406d6d0255a1b334671d0b31f69d5429ba2ba7ccb61e8ee194d0fa62	Już osiągnęliśmy nieco mniej niż połowę tej redukcji	pl	offensive-language
125b714a406d6d0255a1b334671d0b31f69d5429ba2ba7ccb61e8ee194d0fa62	Już osiągnęliśmy nieco mniej niż połowę tej redukcji	pl	grammar-or-spelling
125b714a406d6d0255a1b334671d0b31f69d5429ba2ba7ccb61e8ee194d0fa62	Już osiągnęliśmy nieco mniej niż połowę tej redukcji	pl	different-language
125b714a406d6d0255a1b334671d0b31f69d5429ba2ba7ccb61e8ee194d0fa62	Już osiągnęliśmy nieco mniej niż połowę tej redukcji	pl	difficult-pronounce
12fa2c79216b9f534280e49992d0c2056d0a8255f45abddfcb7a81637435453f	Po prostu nie mogę zrozumień, dlaczego tak trudno wyciągać wnioski z historii	pl	grammar-or-spelling
14a08f2ff97d06b77a9f36db26d83239fad199e74ad226d235478a377e5f49b0	Wiele napisano o procesie pokojowym w Irlandii Północnej i to jest kolejne sprawozdanie nielegislacyjne	pl	difficult-pronounce
10cbcdbe2fd1b48c78efdb50773e1ad68b5dd1686f58e748783935d488d8118b	reprezentatywna demokracja ma ten sam poziom demokratycznej legitymacja co referendum	pl	grammar-or-spelling
14bda9df25bc17a67a5629d41f0f5cb9f216e3f3c15b948c8db43197bf26c955	"Made in"	pl	different-language
153334fd0b7996998a61070c1d31d2e4695e5f1c243f7804f83aa536c67ae4a6	Jednakże wzywamy również Rade, aby nie chowała się za wynikami traktatu lizbońskiego	pl	grammar-or-spelling
15dc793dbeaf9d5aaac85defc5e943bd1b8934bac8af2417c54fb23508453909	Minął rok, a my wciąż czekamy na Radę	pl	offensive-language
15dc793dbeaf9d5aaac85defc5e943bd1b8934bac8af2417c54fb23508453909	Minął rok, a my wciąż czekamy na Radę	pl	difficult-pronunciation
1671833c67711739f7d42816d9194e8eb2e60432245386ecb542ac00742ff7f2	Ta debata była bardzo interesujący i większość wypowiedzi była wspierająca	pl	grammar-or-spelling
152e3cfd74b9f6b7c9b3642a75ae4396c719add889ced6e1fa4b061208d8a23d	To jest całkowicie niezrównoważone!	pl	grammar-or-spelling
162c1f9d0a83e8958aa994e9790dee074938243f4792d1ed2e67ede44e69aae3	Zasada ta została zaakceptowania przez Ehuda Baraka in Tabę, oraz przez innych	pl	grammar-or-spelling
15e37c5e2c83d73f77cd5e9080fe6ec571c402872bc7a0d01658008fddbb03d1	Na początku chciałbym przeprosić na niewielkie spóźnienie	pl	grammar-or-spelling
170089a2e137b04e8e28629b7da9209c2821d1db7cd25586a5cd7ec3dad39da9	Ukraina mu podjąć szczerą decyzję w sprawie podążania w kierunku prozachodnim w sposób konsekwentny	pl	grammar-or-spelling
169294346e8c38ef51013ae9455c2eb32444cc55779bdafa53077b8e9692b310	Dołożyłem wszelkich starań, żeby głos zabrać mogło zabrać jak najwięcej posłów	pl	grammar-or-spelling
170089a2e137b04e8e28629b7da9209c2821d1db7cd25586a5cd7ec3dad39da9	Ukraina mu podjąć szczerą decyzję w sprawie podążania w kierunku prozachodnim w sposób konsekwentny	pl	grammar-or-spelling
17ae9cd8c6d7e5cbb19115473e3b73d5acfe07a1fd144d7e935567493bb39b54	Miało to katastrofalne konsekwencji zwłaszcza, gdy nie ustalono źródła problemu	pl	grammar-or-spelling
170089a2e137b04e8e28629b7da9209c2821d1db7cd25586a5cd7ec3dad39da9	Ukraina mu podjąć szczerą decyzję w sprawie podążania w kierunku prozachodnim w sposób konsekwentny	pl	grammar-or-spelling
176dcfa1a5d8db8d2fd732dd835e084034f326567e13ca99d1fd84a423699f8a	Jeszcze raz dziękuję sprawozdawcom i mam nadzieję, że ostateczna decyzji nastąpi w bliskiej przyszłości	pl	grammar-or-spelling
188d2be8ff062d8e6755fe92107ef1b96ab22f23e3c335671c33811314b61857	Poważne przeformułowanie tych celów będzie wymagało refleksji nad sposobami wdrażania procesu w państwach członkowskich	pl	Du?o tekstów w polskim jest tylko i wy??cznie z wypowiedzi polityków a nie z codziennego ?ycia lub literatury
1885805f3577097a060d65a2fa292dc3a7d4a7492cdfc7d745148d9b2437d282	Filat wyraźnie deklarował wtedy, jako przedstawiciel opozycji, dążenia europejskie	pl	grammar-or-spelling
175c275a3f8b0c72484920c605c700cc381da34d0a329aadb969773422178339	Benazir Bhutto walczyła o demokratyczny Pakistan o pokojowe przejście do cywilnych rządów	pl	difficult-pronounce
17a9f9b3c89fad8c89e3c9e30d7dca52372a0960298b2f26ad0470e75c7feb1c	W państwach niestabilnych pierwszorzędnie znaczenie ma związek pomiędzy zarządzaniem, rozwojem i bezpieczeństwem	pl	grammar-or-spelling
1823e2fd9ed48299075532d4132bb7ad8716de32f66c98ad8c1894b99b720fa2	Trzeba zaproponować instrumenty wsparcia, które pomogą odbudować pogłowie owiec i kóz w Unii	pl	difficult-pronounce
1823e2fd9ed48299075532d4132bb7ad8716de32f66c98ad8c1894b99b720fa2	Trzeba zaproponować instrumenty wsparcia, które pomogą odbudować pogłowie owiec i kóz w Unii	pl	different-language
1823e2fd9ed48299075532d4132bb7ad8716de32f66c98ad8c1894b99b720fa2	Trzeba zaproponować instrumenty wsparcia, które pomogą odbudować pogłowie owiec i kóz w Unii	pl	grammar-or-spelling
1823e2fd9ed48299075532d4132bb7ad8716de32f66c98ad8c1894b99b720fa2	Trzeba zaproponować instrumenty wsparcia, które pomogą odbudować pogłowie owiec i kóz w Unii	pl	offensive-language
1957ab4cdc1aea14ecda2c02106dc984a3e5403ac7c8bf57c36cbc4093573866	Moim zdaniem są to one rozsądne, lecz niejasny jest harmonogram ich realizacji	pl	grammar-or-spelling
1986104e1a72a93fabd78df6b1c413ebeeee0327477e9b775fa7ff23e46fc286	To dlatego bardzo interesuje nasz rozwój sytuacji politycznej w Rosji	pl	grammar-or-spelling
18f8ec56472cf627d7010f91f008d9f8f328f80ddb47f2aed3991c1af42e947b	Mam na myśli fundusz Marguerite i funkcjonowanie kas depozytowo-konsygnacyjnych, które podejmują inicjatywy międzynarodowe	pl	offensive-language
18f8ec56472cf627d7010f91f008d9f8f328f80ddb47f2aed3991c1af42e947b	Mam na myśli fundusz Marguerite i funkcjonowanie kas depozytowo-konsygnacyjnych, które podejmują inicjatywy międzynarodowe	pl	grammar-or-spelling
18f8ec56472cf627d7010f91f008d9f8f328f80ddb47f2aed3991c1af42e947b	Mam na myśli fundusz Marguerite i funkcjonowanie kas depozytowo-konsygnacyjnych, które podejmują inicjatywy międzynarodowe	pl	difficult-pronounce
18f8ec56472cf627d7010f91f008d9f8f328f80ddb47f2aed3991c1af42e947b	Mam na myśli fundusz Marguerite i funkcjonowanie kas depozytowo-konsygnacyjnych, które podejmują inicjatywy międzynarodowe	pl	Huj
170089a2e137b04e8e28629b7da9209c2821d1db7cd25586a5cd7ec3dad39da9	Ukraina mu podjąć szczerą decyzję w sprawie podążania w kierunku prozachodnim w sposób konsekwentny	pl	grammar-or-spelling
1bbde7e6a91e0410a8db8c72f0bf7616783df46437d89909f1940ba0a2210b53	Również, zwracając się Fiony Hall, nie jestem pewny, czy Newcastle rywalizuje bezpośrednio z Londynem	pl	different-language
1bbde7e6a91e0410a8db8c72f0bf7616783df46437d89909f1940ba0a2210b53	Również, zwracając się Fiony Hall, nie jestem pewny, czy Newcastle rywalizuje bezpośrednio z Londynem	pl	grammar-or-spelling
1b1dfa3fbdd24b814e9adc0e2036c5a9e8de56b683f527e85873ba520fd6d93f	Pięć krajów nawet nie zadało sobie trudu, by złożyć sprawozdanie	pl	different-language
170089a2e137b04e8e28629b7da9209c2821d1db7cd25586a5cd7ec3dad39da9	Ukraina mu podjąć szczerą decyzję w sprawie podążania w kierunku prozachodnim w sposób konsekwentny	pl	grammar-or-spelling
